id,user_id,product_id,rating,content,created_at
76aa2c20-1683-413e-a29e-a7444338e76d,8fe75876-83e2-4cf5-a624-a58c5b3c9d19,d2ba5453-1ab8-49df-9667-cc9e7cf0426b,5,쓰면 쓸수록 피부가 좋아지는 느낌이에요. 꾸준히 쓸게요.,2026-03-31T13:11:38.417755+09:00
0d00e1b8-f41f-4f5d-892e-2d172acfb80e,7b3f7e4e-0453-4d00-a3df-b27276b3cd16,e364f414-5c33-4d38-b3a5-d69fdb379af7,5,선물용으로 샀는데 너무 만족해서 제 것도 바로 주문했어요.,2026-01-17T16:15:32.421914+09:00
591645c3-539e-4968-a846-4c49488e8e81,0c382ed8-0f6b-4751-9862-de8cc2496523,e4d2dae0-5b6b-4aee-bb8d-eb8c0bd854a7,3,흡수는 잘 되는데 보습 지속력이 좀 부족해요.,2026-03-28T23:59:59+09:00
da703fa1-af0b-4ac8-9b48-e28735d3f0df,1af07479-6046-4653-a70e-7fc0b24f04f7,121e4cf0-3c17-45f6-aee6-bd9cb999e444,5,사용감이 정말 가볍고 흡수가 빨라요. 강추합니다!,2026-03-30T20:21:47.671241+09:00
604eb5ab-bf08-4de6-bc66-adab009e456e,2440a2d4-98bd-4e8a-98d5-faeed8d401cc,198dd8f4-a3c9-4870-afa4-ea27557b9681,3,보통이에요. 특별히 좋지도 나쁘지도 않아요.,2025-09-20T18:33:37.650034+09:00
2282451c-0519-40da-aab9-1b2cd9cccec3,a6f1f9ea-e663-4125-b551-69f9920c0659,f0694b21-9373-4e61-90e3-ed66ad4bcdf9,5,선물용으로 샀는데 너무 만족해서 제 것도 바로 주문했어요.,2025-12-24T19:50:33.012110+09:00
967cdbb2-e193-4ea0-933e-bb2703a1dad7,eaf36ad7-a366-43fc-8567-bbff143d085f,3811802f-a6b8-46c0-a73e-a094bcb4f118,5,성분이 깨끗해서 안심하고 쓸 수 있어요. 가족 모두 애용 중!,2025-11-07T12:10:16.442123+09:00
2e51ab7e-9e38-4f40-af14-103e3ac46b84,75133339-a2b2-450c-ab0b-2791a08dadfd,ba41dedf-c188-414d-abc2-8d7c08b312d7,5,쓰면 쓸수록 피부가 좋아지는 느낌이에요. 꾸준히 쓸게요.,2026-02-25T20:16:31.517680+09:00
bacd59e0-c9c2-4eb7-8a74-485f44c85f86,33c0b0e8-b3c1-4c90-9e5c-1c3eab65098b,b14b8641-d673-4dc6-9f64-cf945c91c0c2,1,배송은 빨랐지만 제품이 기대 이하예요.,2025-10-03T20:26:32.198986+09:00
14579dc7-9b89-433f-928a-812cd70cf6ca,0c84df33-e841-476d-abba-f63b1575222c,04e16a79-0f5a-4c70-9f0a-9a3795cef656,5,예민한 피부에도 자극 없이 순해요. 비건 인증이라 더 믿음이 가요.,2025-11-28T18:19:39.750704+09:00
194396aa-1937-4af1-b067-a0d30f254a98,edd491a0-ad24-458e-8700-40cd3262723f,ec705f3e-b67b-4ce9-858e-59ab201b5106,2,향이 너무 강해서 호불호가 갈릴 것 같아요.,2025-12-24T05:55:16.067686+09:00
fbc4ced5-5ba0-4c7f-968c-e0665bc30ae0,82fb88ed-c586-4c64-b747-ae14910ac774,3359baa5-d5ae-472b-a598-7de8610b8fe3,5,이 가격에 이 성분 구성이면 가성비 최고입니다.,2026-03-25T23:59:59+09:00
7121eedc-912d-44c0-99a5-ec20f3d78a8a,d829ccf7-0fbe-4d65-9078-9adde80a39e4,1692ab85-3c94-493a-bb5b-04c9871912de,3,기대가 커서 그런지 약간 아쉽습니다.,2026-03-29T23:59:59+09:00
437a2e2a-a234-45a4-b1c1-5e24e3c56038,5ab62a6a-4421-404c-a690-d3ac5b730d34,63beffb6-3600-436c-9b36-ab5f0632b76f,5,이 가격에 이 성분 구성이면 가성비 최고입니다.,2026-03-21T14:24:27.561921+09:00
646866b1-1dcc-4bd5-a5a5-4ca9b34d2cb9,71af51d1-1c9f-47fd-b13a-39926cd52354,ba41dedf-c188-414d-abc2-8d7c08b312d7,4,사용감은 좋은데 효과가 나타나기까지 시간이 좀 걸려요.,2025-10-25T20:51:00.046200+09:00
874786b9-7401-4bd3-aa81-f8d9b8d3d7a0,2e6a2a5e-b1b0-4f10-bb6a-83420c8c4a4a,04e16a79-0f5a-4c70-9f0a-9a3795cef656,5,사용감이 정말 가볍고 흡수가 빨라요. 강추합니다!,2026-03-25T23:59:59+09:00
4d77baf9-0db8-4bc6-9a33-6526db3af611,9dbdab8a-83b2-4bf8-a457-930fdba9e6b0,f745b8b4-fc08-40a0-ba13-286b1fbc2a99,2,용량 대비 가격이 좀 비싼 느낌이에요.,2025-12-08T14:07:44.879672+09:00
df52d169-106b-47f0-92ff-5d742a6c0122,64e81f02-d8b9-4b59-b30d-33720ac3ea57,0ffb48e0-d66c-4853-a822-4bac813a5403,5,"패키지도 예쁘고 제품력도 좋고, 루나 팬이 됐어요.",2026-03-31T22:37:57.840372+09:00
4afa4a7c-259f-4584-a68f-f982e35056f1,34e14123-93e0-4170-9df1-1e0d4d099cfa,3811802f-a6b8-46c0-a73e-a094bcb4f118,5,쓰면 쓸수록 피부가 좋아지는 느낌이에요. 꾸준히 쓸게요.,2025-10-18T11:19:12.570682+09:00
7e3cc289-41dc-4451-8574-73064dc8b2bc,55390c25-4628-40c9-881c-94f9e5c4f73d,bd04fecb-cdf3-472e-a600-2249ea446e3c,3,보통이에요. 특별히 좋지도 나쁘지도 않아요.,2026-01-22T20:43:01.939392+09:00
800f18dc-9e66-4f82-aa78-2af29ddeb2fd,3a1908d0-da5b-4c33-a881-b8d53ea00d54,3359baa5-d5ae-472b-a598-7de8610b8fe3,5,"패키지도 예쁘고 제품력도 좋고, 루나 팬이 됐어요.",2026-03-25T23:59:59+09:00
93563954-bbdf-4eae-a318-b2113a272dd3,15a75dfc-5744-41e4-8256-a145659c53d6,cdf24446-7969-47e4-9efe-ba05aa57a067,5,향도 은은하고 발림성도 최고예요. 재구매 확정!,2025-11-18T04:58:40.052638+09:00
b6096951-22ae-4b8e-84e8-d4d6d192e185,1af07479-6046-4653-a70e-7fc0b24f04f7,da6bbd5d-70d6-4b3e-8e38-06205bab0afb,5,성분이 깨끗해서 안심하고 쓸 수 있어요. 가족 모두 애용 중!,2026-03-15T20:33:48.428871+09:00
68d1525e-4678-47f4-859f-d9f3356902d8,368033b0-577f-48ac-8641-52fedca8934f,9b487ffb-d090-4b09-be91-da480d044aca,5,성분이 깨끗해서 안심하고 쓸 수 있어요. 가족 모두 애용 중!,2026-02-05T20:42:51.875867+09:00
6a1e5c19-2114-44de-896a-5a5be3944b8f,ea4f089a-40ca-436a-abc8-bb860d284580,67feff16-a1a5-45cd-9b11-0ffd7cf1ba5d,5,"패키지도 예쁘고 제품력도 좋고, 루나 팬이 됐어요.",2026-03-17T17:19:31.805452+09:00
8f686c0c-444b-473c-b0d1-807b88cbc986,37a196dc-29e6-4d52-abd4-92d3efb1330d,7e1f91b6-4a9c-4338-8bb3-6913d95bac49,2,용량 대비 가격이 좀 비싼 느낌이에요.,2026-03-30T23:59:59+09:00
968c88a4-e878-4da4-95f7-f3be371122ab,fae30dc9-4ee6-45f7-9b35-adf1400a2992,9b487ffb-d090-4b09-be91-da480d044aca,3,효과를 잘 모르겠어요. 좀 더 써봐야 할 것 같아요.,2025-10-29T23:43:19.639529+09:00
4621e59c-b4bb-4482-9147-83b727824390,86cad043-e7e9-44cf-b3bd-4055333cc8f0,d1af1fb3-5895-4b98-8464-46d7c86a67fd,1,피부에 안 맞아서 트러블이 났어요. 환불 요청합니다.,2025-09-16T09:16:07.789048+09:00
01d4eb26-84bd-48a7-8862-67e7b2947691,147a65da-e2b9-4304-b880-cf6cbf5d0626,0ffb48e0-d66c-4853-a822-4bac813a5403,5,트러블 피부인데 진짜 진정됐어요. 기적의 제품!,2026-03-24T23:59:59+09:00
9e4aea2e-8fc3-44ec-a54d-67506b162080,4c593c60-6058-49f0-8345-07e2606a5a7f,04e16a79-0f5a-4c70-9f0a-9a3795cef656,3,무난한 제품이에요. 엄청 좋다는 느낌은 아니에요.,2026-01-03T11:25:52.149661+09:00
b49328e6-708b-4c6e-afc0-9035e86247b4,9dbdab8a-83b2-4bf8-a457-930fdba9e6b0,34dbc802-1b4c-44fa-affe-fcd964c379ad,3,무난한 제품이에요. 엄청 좋다는 느낌은 아니에요.,2025-12-06T18:36:35.764432+09:00
0d4b084e-75f2-45a6-861c-badf5d64d72b,421f6bbf-3747-4253-a685-08437533d9e9,924a1c0e-27e5-490f-8d95-46d972f27eac,4,텍스처가 가벼워서 여름에도 부담 없이 쓸 수 있을 것 같아요.,2026-01-23T20:00:29.965267+09:00
3354c6ab-3b2a-44a7-95fa-275175a7f17f,512033bc-aa6c-43a2-b951-d53bf28c503f,b2670e53-07e3-47cc-819c-86d9e989698b,4,기대했던 것만큼은 아니지만 꽤 괜찮은 제품이에요.,2025-11-11T19:48:36.867346+09:00
b737d052-a74a-4ed4-8bd3-b1742b4d4242,0b515bf9-4482-4679-bb3c-d373571d7f79,1692ab85-3c94-493a-bb5b-04c9871912de,4,전반적으로 만족합니다. 보습력이 좋아요.,2026-01-07T11:50:35.502770+09:00
4a042969-ce90-480d-959b-84a953ed501c,f4d7ec68-3148-46c4-bc15-8ff995399192,4aa9b57b-9623-4cb1-810b-497d0dd215d1,4,피부 진정에 확실히 도움이 돼요. 다만 용량이 조금 적어요.,2025-09-10T20:42:32.859991+09:00
49d6f9ca-e70c-44af-8a87-59220342a568,730b7d74-ce00-439e-9adf-76cd59e781d7,e5778131-260d-44cc-812a-bf50537e2e58,5,촉촉함이 하루 종일 유지돼요. 이 가격에 이 품질이라니!,2026-03-27T23:59:59+09:00
8da0c715-856f-456b-ac3f-818ec8707458,d737bb99-abaa-438c-8124-9860913a01fe,2573cc11-d794-4e9c-97ed-f570513cc175,3,흡수는 잘 되는데 보습 지속력이 좀 부족해요.,2026-02-11T10:03:11.926145+09:00
82b471b9-4e4f-4254-8b1c-afac54184c6d,cc47e560-ccb6-41a6-bebe-3dbf19709375,e5778131-260d-44cc-812a-bf50537e2e58,5,민감성인데 하나도 안 따갑고 진정 효과 확실해요.,2026-03-23T17:13:44.351573+09:00
70b76cc8-d195-45d7-a6f0-9b8a9c23b70a,53b671ac-e22b-4fb7-9660-9da5fac81cc7,cdf24446-7969-47e4-9efe-ba05aa57a067,4,순하고 자극 없이 사용할 수 있어서 좋아요.,2026-01-08T23:47:49.370572+09:00
2a5b8794-8274-4f2c-89a1-f57936eaee90,ace35f61-629c-461e-906c-be15d24c1080,34dbc802-1b4c-44fa-affe-fcd964c379ad,5,촉촉함이 하루 종일 유지돼요. 이 가격에 이 품질이라니!,2026-03-30T23:59:59+09:00
0fbfc581-c063-4470-9f7b-1725892cc0b6,7f038982-42ef-43a8-8531-4221d105564d,34dbc802-1b4c-44fa-affe-fcd964c379ad,4,기대했던 것만큼은 아니지만 꽤 괜찮은 제품이에요.,2026-03-24T23:59:59+09:00
aefc3d47-b954-4ccd-b16c-8d785fec7aed,6dbb232e-4a0e-410b-a8fa-c886537931b2,da6bbd5d-70d6-4b3e-8e38-06205bab0afb,4,순하고 자극 없이 사용할 수 있어서 좋아요.,2026-03-28T23:59:59+09:00
b868b5e1-4a0c-4f71-aebc-7c1a91081d8a,4e83a353-2a25-4108-8f1a-f1e78d21f54f,121e4cf0-3c17-45f6-aee6-bd9cb999e444,5,민감성인데 하나도 안 따갑고 진정 효과 확실해요.,2026-03-29T12:28:49.862064+09:00
05db6ec5-fcde-4bc0-bdef-37eb34f6e4af,0417ebad-e930-4ee2-a01e-8e5b854b0e69,013d895b-0005-4a06-93a6-0b36f446a0fe,4,포장이 꼼꼼하고 제품 자체도 괜찮아요. 무난하게 좋습니다.,2026-02-04T23:55:15.318668+09:00
f612714d-d3eb-4a8f-94bd-ec9eaa552f2d,3d0ef80f-81e5-4b68-9762-ae5b33273cb1,ec705f3e-b67b-4ce9-858e-59ab201b5106,5,민감성인데 하나도 안 따갑고 진정 효과 확실해요.,2026-02-16T23:40:14.220595+09:00
8a1072d8-897d-42ca-90a0-7e7e4d4650ee,dea78803-8e72-4dec-9e9b-e292d61719c8,956c8342-4e1d-4714-9de8-824b8d6b447f,5,촉촉함이 하루 종일 유지돼요. 이 가격에 이 품질이라니!,2026-02-15T00:29:48.357933+09:00
0d93aabf-94ce-4143-ac81-3e6c561121bc,77c945fc-0d68-4fb1-ab02-af10d63bc972,d2ba5453-1ab8-49df-9667-cc9e7cf0426b,2,발림성은 괜찮은데 흡수가 너무 느려요.,2026-03-16T03:30:06.071410+09:00
a314a700-b202-44fc-81de-7139391a0554,fea4b969-837a-42cd-bd4d-65f0ff259615,7110ef62-7fa2-444b-b7f3-8c7938bc6bdb,4,비건 제품 중에서는 상당히 만족스러운 편이에요.,2025-09-10T19:11:24.290842+09:00
9f272a11-bd30-4005-a25e-7510f96615d8,5ad5881b-0684-4c9c-a991-020e2f5f230f,bd04fecb-cdf3-472e-a600-2249ea446e3c,5,쓰면 쓸수록 피부가 좋아지는 느낌이에요. 꾸준히 쓸게요.,2026-03-24T23:59:59+09:00
add7c347-3ef9-4fd3-80ad-d79b61871506,33f88a2c-9356-439b-8df6-18b2b04ea476,72036044-0715-4f89-9287-9a0779c5b2fb,3,보통이에요. 특별히 좋지도 나쁘지도 않아요.,2026-03-15T15:14:45.043987+09:00
31b65fa1-7632-4fea-b2bf-efa2ac61666b,cc513b12-bf2d-4195-b156-9c4d801e88a2,35abdb91-c3f9-4459-a920-79a1c41ab9dd,5,성분이 깨끗해서 안심하고 쓸 수 있어요. 가족 모두 애용 중!,2026-03-17T13:13:58.804668+09:00
f5a286c2-3429-4996-b882-496a2747a139,5cbc6e8a-cbe7-4c3e-ac31-5393e434cc74,ba41dedf-c188-414d-abc2-8d7c08b312d7,1,배송은 빨랐지만 제품이 기대 이하예요.,2026-01-31T17:58:02.757470+09:00
e52acce5-0edd-4c6e-8df4-4fbf5287d4c9,dd9aa149-3649-46d8-9f12-4419d5aa9788,67feff16-a1a5-45cd-9b11-0ffd7cf1ba5d,2,발림성은 괜찮은데 흡수가 너무 느려요.,2025-12-09T08:19:21.843941+09:00
36e441f4-2216-4195-bcc0-a9811b759786,04081dd2-11fe-49f5-99e2-138d77e7d5ba,3359baa5-d5ae-472b-a598-7de8610b8fe3,4,순하고 자극 없이 사용할 수 있어서 좋아요.,2026-02-03T08:10:49.834970+09:00
d48a8292-197d-4518-b267-210dacd842ee,3b8338cb-9254-4afc-a2bc-b20e3ec90092,f578b710-66b1-4ceb-87cb-887de576a8a9,5,촉촉함이 하루 종일 유지돼요. 이 가격에 이 품질이라니!,2026-03-30T23:59:59+09:00
b0cbf636-196c-4cfd-9151-581c1aee8029,9f43a8ef-2444-4714-b99d-c11f028cad60,188707c9-8cea-49a5-bf9d-6bb36f32e507,2,제 피부에는 안 맞는 것 같아요. 좀 따가웠어요.,2026-03-30T10:48:15.816753+09:00
d06a3d1a-0d0c-4627-bf74-853314a0181e,0f0a70fb-ba8b-4ab9-ae68-d02b4f955d65,888e09ca-a1af-4d96-8b1a-f089c6d357cf,2,기대했는데 별로였어요. 다른 제품 찾아볼게요.,2025-11-24T13:39:17.630609+09:00
2bc28d43-f391-47b9-b09f-5a1b6af6765d,25f951d5-355d-4913-a177-8003a5a2c6fd,67feff16-a1a5-45cd-9b11-0ffd7cf1ba5d,4,피부 진정에 확실히 도움이 돼요. 다만 용량이 조금 적어요.,2026-03-16T14:28:31.449674+09:00
8a46c3ce-8627-4fc4-9a35-0742f4e5d138,61766412-7fff-4fee-84e0-073e65e4cea2,dc37b3ea-07ab-4524-96e8-5d9e9ad41eef,5,진짜 인생템 찾았어요! 피부가 완전 달라졌습니다.,2026-03-27T23:59:59+09:00
00da2dba-dba0-4587-9a07-f7ee6dc8d808,72c90d73-7d40-48b0-922d-8a7deacf90a3,fe2f36a8-af28-42dd-9780-08a30408647a,5,"패키지도 예쁘고 제품력도 좋고, 루나 팬이 됐어요.",2026-03-30T23:59:59+09:00
0a06d40b-d730-437d-b788-f3469ae4e82b,e2043440-2d0b-44ef-9e05-678a9e7c14e9,34dbc802-1b4c-44fa-affe-fcd964c379ad,4,전반적으로 만족합니다. 보습력이 좋아요.,2026-03-25T12:40:09.804252+09:00
e472f815-0d00-4b1f-8f5a-facae78dda10,465f56b3-9c0b-4b81-a4a7-ddbbf8992f9b,dc1302e9-d407-45bb-82a3-aef9b723587f,5,세안 후 당김 없이 촉촉하고 피부결이 매끈해졌어요.,2026-01-19T21:35:20.913614+09:00
01186ffa-981c-4d4c-b2a2-3819535e8655,9372e95f-004a-4dcb-a62a-3eb320545f97,289389a7-e95d-417f-afaf-b1de6fb588db,4,비건 제품 중에서는 상당히 만족스러운 편이에요.,2026-03-29T19:03:52.310592+09:00
263ceb51-7e9c-4e9b-a1c0-5bcd7cf1d7a6,501a5eb7-53b9-4c55-bd91-c63b6b6a1b4e,ec705f3e-b67b-4ce9-858e-59ab201b5106,5,향도 은은하고 발림성도 최고예요. 재구매 확정!,2026-03-29T14:56:44.552294+09:00
c5f34eea-b93b-4b8b-8c6f-06d9461ce5c5,3eea790d-dbc9-4aec-998d-d282901dac1e,35abdb91-c3f9-4459-a920-79a1c41ab9dd,4,가격 대비 괜찮은 것 같아요. 재구매 고려 중입니다.,2026-01-31T13:25:10.394295+09:00
425cd753-6c2c-400b-a152-c30d7574aa37,147a65da-e2b9-4304-b880-cf6cbf5d0626,3359baa5-d5ae-472b-a598-7de8610b8fe3,4,비건 제품 중에서는 상당히 만족스러운 편이에요.,2026-03-18T23:47:52.608136+09:00
3e948093-0f54-4cfc-9c14-8f2268fa78d5,0553d7e4-edfc-47ea-99a7-b37e63e51808,dc1302e9-d407-45bb-82a3-aef9b723587f,5,진짜 인생템 찾았어요! 피부가 완전 달라졌습니다.,2026-03-30T23:59:59+09:00
1c042de2-66cc-4de4-8588-108761081a2d,b3c2c683-8729-42fa-b856-7549938bacf7,d1af1fb3-5895-4b98-8464-46d7c86a67fd,3,효과를 잘 모르겠어요. 좀 더 써봐야 할 것 같아요.,2026-01-23T22:56:28.169956+09:00
49e862d3-286d-4bf1-b5ab-a8b73442aff4,7901fa15-fa7e-44f1-9923-acc3c210959e,1692ab85-3c94-493a-bb5b-04c9871912de,4,사용감은 좋은데 효과가 나타나기까지 시간이 좀 걸려요.,2026-03-25T23:59:59+09:00
e2a32c8b-fe72-4b74-9c55-7a532790cf21,d463ec0a-e71c-4fc3-8cd1-350a3bc40c07,188707c9-8cea-49a5-bf9d-6bb36f32e507,3,나쁘진 않은데 재구매까지는 모르겠어요.,2026-01-15T23:42:21.382899+09:00
4976b897-79c7-4a06-8964-d1cc32b99427,4cd5647e-dbc4-444d-a53e-9ed94e6d1d97,04e16a79-0f5a-4c70-9f0a-9a3795cef656,5,비건 화장품이라 성분 걱정 없이 쓸 수 있어서 너무 좋아요.,2025-09-18T00:59:50.530973+09:00
7c3aa1db-dda0-4005-8390-033a561d7492,c1429dc9-1a61-40dc-98dd-e392072aaf27,7110ef62-7fa2-444b-b7f3-8c7938bc6bdb,3,무난한 제품이에요. 엄청 좋다는 느낌은 아니에요.,2026-03-29T23:59:59+09:00
9b6aff49-29ca-4ee8-a983-0a806d85c3ee,50a65116-a792-42d3-8d91-4a5b7f8ffabc,f0694b21-9373-4e61-90e3-ed66ad4bcdf9,5,"패키지도 예쁘고 제품력도 좋고, 루나 팬이 됐어요.",2025-12-12T11:59:02.096032+09:00
5e33d586-e614-4ff3-b27c-83ff0df7ce2f,00772867-43b1-4073-9a8f-8fba251d30de,1692ab85-3c94-493a-bb5b-04c9871912de,4,텍스처가 가벼워서 여름에도 부담 없이 쓸 수 있을 것 같아요.,2026-03-25T23:59:59+09:00
5401dbc2-13bf-4a16-8975-2671027f70f8,428a6d35-896b-4fb4-8b7a-f577026a3d75,e364f414-5c33-4d38-b3a5-d69fdb379af7,4,텍스처가 가벼워서 여름에도 부담 없이 쓸 수 있을 것 같아요.,2026-01-08T18:38:27.287085+09:00
25aa5c06-4e82-4b8a-a0ba-80cdd43366ae,34e14123-93e0-4170-9df1-1e0d4d099cfa,bd04fecb-cdf3-472e-a600-2249ea446e3c,4,가격 대비 괜찮은 것 같아요. 재구매 고려 중입니다.,2025-10-20T11:19:12.570682+09:00
27123625-a0b3-409f-b98c-2a1b8652e00b,8cef0ff1-9482-451d-a39e-69129221f104,04e16a79-0f5a-4c70-9f0a-9a3795cef656,3,무난한 제품이에요. 엄청 좋다는 느낌은 아니에요.,2026-03-19T20:15:32.860565+09:00
adbf6da7-1d36-4d04-a101-0f2c0ebcca98,c9828090-0b6f-4e28-aae7-183e3d680f74,34dbc802-1b4c-44fa-affe-fcd964c379ad,4,향이 살짝 강한 편이지만 효과는 확실해요.,2026-03-26T23:59:59+09:00
2c85f277-2dc3-46ad-9798-d5ef1b92c402,71975b48-c224-44d9-a2b5-2bbf528e731d,875a1387-7bdd-4fb0-854c-c4f1f41f84f5,2,발림성은 괜찮은데 흡수가 너무 느려요.,2025-11-13T18:00:41.781936+09:00
b589b614-4d40-46a1-bf65-eeae4f54011b,fef1363b-430d-472d-be03-1d7acb6bdaa1,f0694b21-9373-4e61-90e3-ed66ad4bcdf9,5,예민한 피부에도 자극 없이 순해요. 비건 인증이라 더 믿음이 가요.,2026-01-14T17:39:03.361954+09:00
b397a0f8-522e-4cde-b1ae-4df6dad05808,0e97b6ac-19f1-411b-b307-e5aac1995903,198dd8f4-a3c9-4870-afa4-ea27557b9681,5,민감성인데 하나도 안 따갑고 진정 효과 확실해요.,2026-03-25T23:59:59+09:00
6c88d133-65e6-45de-968a-9bdccbece721,5966e0a4-11c6-463f-8dec-819f24e02825,e4d2dae0-5b6b-4aee-bb8d-eb8c0bd854a7,5,비건 화장품이라 성분 걱정 없이 쓸 수 있어서 너무 좋아요.,2026-03-17T08:51:49.765198+09:00
ec63700a-4ec1-4606-9965-156567097a94,f60b33b8-f30a-487d-bda2-678f3836928e,da6bbd5d-70d6-4b3e-8e38-06205bab0afb,4,포장이 꼼꼼하고 제품 자체도 괜찮아요. 무난하게 좋습니다.,2025-06-10T21:44:34.528780+09:00
9e9f608b-3e28-4097-8ce2-8cdefa3de274,6d18f7aa-b89a-4f02-8c14-d437a67ee7fd,e364f414-5c33-4d38-b3a5-d69fdb379af7,4,포장이 꼼꼼하고 제품 자체도 괜찮아요. 무난하게 좋습니다.,2026-03-25T23:59:59+09:00
1993aa2b-513e-42ec-b039-e26c08320ae5,c4a05c9a-2278-4f78-b362-54aeb30f46b4,b2670e53-07e3-47cc-819c-86d9e989698b,1,배송은 빨랐지만 제품이 기대 이하예요.,2026-03-30T23:59:59+09:00
a0d8ca87-09b8-41d3-8cf6-60c91c69e366,cde313b9-720f-4dd4-853c-2367935581ed,dc37b3ea-07ab-4524-96e8-5d9e9ad41eef,3,무난한 제품이에요. 엄청 좋다는 느낌은 아니에요.,2026-03-27T23:59:59+09:00
26f0f72f-8297-4f55-b3d2-940c1e849a8c,402b29a2-9808-4a1a-b813-1d6b025c00af,f0694b21-9373-4e61-90e3-ed66ad4bcdf9,5,피부 톤이 밝아진 게 눈에 보여요. 대만족!,2025-12-09T18:51:59.318537+09:00
c516f8f4-1dde-4244-9eb6-cb616a2080f2,f4d7ec68-3148-46c4-bc15-8ff995399192,f745b8b4-fc08-40a0-ba13-286b1fbc2a99,4,포장이 꼼꼼하고 제품 자체도 괜찮아요. 무난하게 좋습니다.,2026-03-06T17:44:22.803203+09:00
7a87b037-fe79-4800-a951-a1126aa184fb,323db0ee-7d53-4f31-b190-e8a56b8f5a01,dc37b3ea-07ab-4524-96e8-5d9e9ad41eef,5,예민한 피부에도 자극 없이 순해요. 비건 인증이라 더 믿음이 가요.,2026-02-18T13:20:37.040678+09:00
c95e7e95-44a8-4795-93c8-2b783bf1fa31,f5137d96-195c-486b-a173-639a621e569e,dcd9dd5d-f988-450e-834a-671effc11fcd,5,선물용으로 샀는데 너무 만족해서 제 것도 바로 주문했어요.,2026-03-30T23:59:59+09:00
9567b55a-af35-4f6d-b4a6-fd898588bfca,b501bbd8-71f2-4e18-b56f-ece6fa19580c,3811802f-a6b8-46c0-a73e-a094bcb4f118,3,무난한 제품이에요. 엄청 좋다는 느낌은 아니에요.,2025-11-24T19:56:57.534959+09:00
2019c3b8-a456-422b-9459-75e8aa893fc4,27e36a7c-06e5-4bd7-b36d-44002fce6017,dda0c490-c889-4338-b6d0-34e8ead900a4,3,효과를 잘 모르겠어요. 좀 더 써봐야 할 것 같아요.,2025-11-21T23:47:02.965062+09:00
2b457452-4651-4c75-b2bf-fa647d77c0e2,b8efe161-73ed-485d-a188-93299b71d4b5,013d895b-0005-4a06-93a6-0b36f446a0fe,5,선물용으로 샀는데 너무 만족해서 제 것도 바로 주문했어요.,2026-02-25T20:03:32.685537+09:00
78568584-e596-42a2-b91c-34c86b507bdb,428a6d35-896b-4fb4-8b7a-f577026a3d75,e5778131-260d-44cc-812a-bf50537e2e58,5,이 가격에 이 성분 구성이면 가성비 최고입니다.,2026-02-19T21:07:38.813380+09:00
29962c23-f668-441e-b513-eb49325cd16c,f5c860d1-90c2-4084-b550-aa24a2567409,888e09ca-a1af-4d96-8b1a-f089c6d357cf,3,가격에 비해 용량이 좀 적은 것 같아요.,2026-02-18T13:30:44.605645+09:00
09f24c39-94d1-4979-b6ef-230717008ca4,f5de3971-1816-4ee5-973a-5778b94e58a0,e364f414-5c33-4d38-b3a5-d69fdb379af7,2,용량 대비 가격이 좀 비싼 느낌이에요.,2026-03-26T23:59:59+09:00
5084724f-70ba-468a-b3f1-38d7c375d99b,5c71dd45-30db-4b8f-8291-18e742bc2719,63beffb6-3600-436c-9b36-ab5f0632b76f,2,기대했는데 별로였어요. 다른 제품 찾아볼게요.,2026-03-29T23:59:59+09:00
f4440b67-cdef-4528-a57d-00d1a54b5805,4e61fc40-b2db-4194-b5e8-3bfea68f64ec,cdf24446-7969-47e4-9efe-ba05aa57a067,4,피부 진정에 확실히 도움이 돼요. 다만 용량이 조금 적어요.,2026-01-20T15:07:26.489784+09:00
b60fb1c4-5267-4197-9a8a-fb30c934b04a,b4296b03-917f-47a3-8efb-f753e838b953,0ffb48e0-d66c-4853-a822-4bac813a5403,2,용량 대비 가격이 좀 비싼 느낌이에요.,2026-03-25T22:42:59.967771+09:00
65932d09-898a-4d62-90a4-95d23b4d628e,bc3d08a0-212a-4495-ad05-3fd1ddddb53f,dc37b3ea-07ab-4524-96e8-5d9e9ad41eef,4,가격 대비 괜찮은 것 같아요. 재구매 고려 중입니다.,2025-10-01T11:25:59.099406+09:00
5f8af8ed-78dc-4dd9-8820-27e38be181d0,36bb19d1-b720-4e6a-8529-d9c7247ccb99,dda0c490-c889-4338-b6d0-34e8ead900a4,5,향도 은은하고 발림성도 최고예요. 재구매 확정!,2026-03-30T23:59:59+09:00
75206581-0b7a-4767-948e-931845fb6d92,dd91b133-bbc9-4396-82e4-751438685392,d1af1fb3-5895-4b98-8464-46d7c86a67fd,2,기대에 미치지 못했어요. 효과가 미미합니다.,2026-01-06T13:01:15.101138+09:00
ac1c4aa5-25c2-49c2-a217-1f25fbc761ba,94a37930-62c5-49cf-9729-fdac34165bf1,b2670e53-07e3-47cc-819c-86d9e989698b,5,성분이 깨끗해서 안심하고 쓸 수 있어요. 가족 모두 애용 중!,2026-03-22T10:03:12.188062+09:00
91a224b6-2e12-4d1b-b101-18ed95a17d84,b0c3b0d1-a1e7-4eed-9ceb-37df8cb58d9b,1692ab85-3c94-493a-bb5b-04c9871912de,5,성분이 깨끗해서 안심하고 쓸 수 있어요. 가족 모두 애용 중!,2026-03-22T18:28:42.954927+09:00
3c823458-e3d0-4373-b08a-060629fc6f75,518c483a-199c-4090-9708-124e57051dc5,a1beead0-c2af-4306-950a-3ac7c25b5200,4,사용감은 좋은데 효과가 나타나기까지 시간이 좀 걸려요.,2026-02-21T20:30:28.431320+09:00
8037506b-78aa-4b19-8765-ca7584f8c559,99189a19-f7e8-4122-bb13-02c0ae1c3507,924a1c0e-27e5-490f-8d95-46d972f27eac,4,비건 제품 중에서는 상당히 만족스러운 편이에요.,2026-03-26T23:59:59+09:00
1419429c-3fe7-4627-bd53-f5e158cfecaa,088f79dd-c88b-4560-ad74-9e33b73d283b,d3db3622-844e-4a2e-9b2d-2f9b365cbdc2,4,기대했던 것만큼은 아니지만 꽤 괜찮은 제품이에요.,2026-03-29T23:59:59+09:00
a669733e-b02f-447d-b12b-43fd176939d4,69655ce9-51ca-4929-b411-19b68711de7a,2573cc11-d794-4e9c-97ed-f570513cc175,3,성분은 좋은데 제 피부에는 큰 변화가 없네요.,2025-08-27T15:03:57.562505+09:00
595f08c4-d220-41ed-bac0-7e344744b655,d2bc73f7-5d3d-4bea-8bf3-0f7dc8e659f5,e4d2dae0-5b6b-4aee-bb8d-eb8c0bd854a7,4,텍스처가 가벼워서 여름에도 부담 없이 쓸 수 있을 것 같아요.,2026-03-24T23:59:59+09:00
f695fef1-4e2f-4320-894d-acfacb515bcc,003c272f-35dc-4928-b48a-061879b2e15a,d1af1fb3-5895-4b98-8464-46d7c86a67fd,5,세안 후 당김 없이 촉촉하고 피부결이 매끈해졌어요.,2026-03-15T10:48:28.313819+09:00
4a14bbb2-5516-4c6e-922f-e0a142c93710,dfdffb83-352a-451b-86fb-c27fa7c08435,e364f414-5c33-4d38-b3a5-d69fdb379af7,3,나쁘진 않은데 재구매까지는 모르겠어요.,2026-01-23T12:40:01.846320+09:00
fb41cdcd-5b89-499a-a1f6-ca08b9a828aa,1c2b90df-e138-4dc1-8555-5b86648bf0a7,da6bbd5d-70d6-4b3e-8e38-06205bab0afb,4,순하고 자극 없이 사용할 수 있어서 좋아요.,2025-09-15T16:08:24.643828+09:00
62d36404-5a47-42cd-9c3f-05de83f96176,3439cefa-ce71-4f30-a68b-7999ac2984b5,fe2f36a8-af28-42dd-9780-08a30408647a,5,쓰면 쓸수록 피부가 좋아지는 느낌이에요. 꾸준히 쓸게요.,2026-03-14T11:22:07.668526+09:00
7d88fd04-404d-4ca0-9a9f-fe8af05cb2f2,4ae96c78-b41f-4942-82ad-26c45918f53d,1692ab85-3c94-493a-bb5b-04c9871912de,3,효과를 잘 모르겠어요. 좀 더 써봐야 할 것 같아요.,2026-03-26T15:34:39.448374+09:00
d195ac17-a723-4f39-b6e8-b7933f018034,86cad043-e7e9-44cf-b3bd-4055333cc8f0,ec705f3e-b67b-4ce9-858e-59ab201b5106,4,기대했던 것만큼은 아니지만 꽤 괜찮은 제품이에요.,2025-09-13T13:18:09.705270+09:00
e5dd7940-a969-4c4c-9f5f-13e1bbdd9ec7,4e72da7e-c1ea-4d15-94a4-14dc037b80cd,67feff16-a1a5-45cd-9b11-0ffd7cf1ba5d,5,사용감이 정말 가볍고 흡수가 빨라요. 강추합니다!,2026-01-31T20:33:20.392809+09:00
786b9696-07d1-4cf6-b926-d0f46d6fd867,33f88a2c-9356-439b-8df6-18b2b04ea476,63beffb6-3600-436c-9b36-ab5f0632b76f,5,비건 화장품이라 성분 걱정 없이 쓸 수 있어서 너무 좋아요.,2026-02-04T18:42:34.955599+09:00
ab404aa3-4cbd-4504-9d4c-5857b40b34d8,2d537cae-a24d-465c-bffc-762b8429c9de,fe2f36a8-af28-42dd-9780-08a30408647a,2,기대에 미치지 못했어요. 효과가 미미합니다.,2025-12-29T14:16:21.051624+09:00
6871a5ed-66e9-49ea-b616-68b90bfc5772,4197f5c3-0f97-4940-b0f7-b89b2ebd941a,e5778131-260d-44cc-812a-bf50537e2e58,3,가격에 비해 용량이 좀 적은 것 같아요.,2026-01-30T22:40:37.989156+09:00
dd99a157-8eeb-4332-95ef-bf20a46c1ecb,3e8b703d-d2c6-4f50-96e2-1050881d95fc,188707c9-8cea-49a5-bf9d-6bb36f32e507,1,배송은 빨랐지만 제품이 기대 이하예요.,2025-09-25T22:50:40.803884+09:00
7de52a4e-3ded-4afe-9d6b-681ebe281260,c0f2e35b-fe90-4d74-87f6-70d7709a5054,04e16a79-0f5a-4c70-9f0a-9a3795cef656,1,배송은 빨랐지만 제품이 기대 이하예요.,2026-03-11T14:45:03.090615+09:00
c4c3ca12-e72d-4e4e-a007-801714b42aed,f720e1f8-c55f-4ad9-84fd-97c7f4dfc566,d2ba5453-1ab8-49df-9667-cc9e7cf0426b,5,촉촉함이 하루 종일 유지돼요. 이 가격에 이 품질이라니!,2026-03-01T11:56:53.913789+09:00
d04bb619-a03d-427d-b605-2eecb5849864,da2e3751-9849-452a-a74b-08b2e2b55d56,188707c9-8cea-49a5-bf9d-6bb36f32e507,5,촉촉함이 하루 종일 유지돼요. 이 가격에 이 품질이라니!,2025-11-17T12:37:36.105933+09:00
fdd5d6d1-d016-4af4-be7f-924230b3e776,1ea930a3-2d70-4ddf-b247-01318e4b7c6e,3fa5b2f1-0288-4752-ad94-380d444fc9ed,2,기대에 미치지 못했어요. 효과가 미미합니다.,2026-02-20T20:24:58.651001+09:00
f4449ffb-e3fa-4c5a-9167-070c3250249a,552d5f1e-33e4-4389-8718-b6185b025b70,ec705f3e-b67b-4ce9-858e-59ab201b5106,5,이 가격에 이 성분 구성이면 가성비 최고입니다.,2026-01-28T22:56:23.780129+09:00
a6da2642-40e2-476d-85bc-2da9f7e2dd7b,874ee111-8eba-4d54-888b-e0b3db45c6d7,188707c9-8cea-49a5-bf9d-6bb36f32e507,2,기대했는데 별로였어요. 다른 제품 찾아볼게요.,2026-03-30T23:59:59+09:00
a1b3b980-5419-4a8a-a9b6-b2a52587e921,15a75dfc-5744-41e4-8256-a145659c53d6,7e1f91b6-4a9c-4338-8bb3-6913d95bac49,4,사용감은 좋은데 효과가 나타나기까지 시간이 좀 걸려요.,2025-07-24T19:06:10.360805+09:00
ae3ad034-b519-4d17-b42b-2d04e08dd338,99189a19-f7e8-4122-bb13-02c0ae1c3507,dc37b3ea-07ab-4524-96e8-5d9e9ad41eef,5,세안 후 당김 없이 촉촉하고 피부결이 매끈해졌어요.,2026-03-26T23:59:59+09:00
373f05d1-783e-432a-9706-767190981c52,e7b05565-6532-4b25-8a96-a0022c7ed94b,188707c9-8cea-49a5-bf9d-6bb36f32e507,5,쓰면 쓸수록 피부가 좋아지는 느낌이에요. 꾸준히 쓸게요.,2026-02-08T10:21:52.441501+09:00
dee1d207-d72b-42bd-8d68-b5de5436761f,c1ba6382-38c3-4158-b8f8-47a88ef81f1b,d3db3622-844e-4a2e-9b2d-2f9b365cbdc2,4,순하고 자극 없이 사용할 수 있어서 좋아요.,2025-09-16T20:48:09.259605+09:00
6d07e535-4061-45a5-9e38-e002ad7a183b,cc47e560-ccb6-41a6-bebe-3dbf19709375,3359baa5-d5ae-472b-a598-7de8610b8fe3,3,흡수는 잘 되는데 보습 지속력이 좀 부족해요.,2026-03-28T23:42:13.171595+09:00
61fb4c6f-9ac4-42d2-8e4c-2d01b207d487,7920693e-6e1e-4074-8573-5450d1c550ae,b2670e53-07e3-47cc-819c-86d9e989698b,5,촉촉함이 하루 종일 유지돼요. 이 가격에 이 품질이라니!,2026-03-22T02:17:25.335180+09:00
b9730c34-8a93-4a71-9233-a8b5768531bc,ef8de36f-cddb-46ee-be1c-01424cbc44cc,e364f414-5c33-4d38-b3a5-d69fdb379af7,4,전반적으로 만족합니다. 보습력이 좋아요.,2025-07-15T19:26:39.055631+09:00
a0726bcb-d540-4f80-a5b6-1069439f40a6,aef784a3-286c-4a5d-a4ac-389039bcb968,0ffb48e0-d66c-4853-a822-4bac813a5403,5,향도 은은하고 발림성도 최고예요. 재구매 확정!,2026-03-30T23:59:59+09:00
869da3d4-42d1-4dcb-9a78-df515ef7073b,5966e0a4-11c6-463f-8dec-819f24e02825,dcd9dd5d-f988-450e-834a-671effc11fcd,5,"패키지도 예쁘고 제품력도 좋고, 루나 팬이 됐어요.",2026-03-26T23:59:59+09:00
4eab8314-337e-4393-ad19-4677831b0e53,6d2d2ee7-28da-4cd6-8a84-742f9ce8777f,d2ba5453-1ab8-49df-9667-cc9e7cf0426b,3,가격에 비해 용량이 좀 적은 것 같아요.,2026-03-06T18:03:32.232050+09:00
c276a762-2f0e-41ee-b614-6fc9d16d8c91,187ecb4e-0744-424e-847a-283372205f84,b14b8641-d673-4dc6-9f64-cf945c91c0c2,5,트러블 피부인데 진짜 진정됐어요. 기적의 제품!,2026-03-10T11:38:09.748104+09:00
5148b324-13d6-4e40-aa85-1d887b7d7824,ea4f089a-40ca-436a-abc8-bb860d284580,9b487ffb-d090-4b09-be91-da480d044aca,5,피부 톤이 밝아진 게 눈에 보여요. 대만족!,2026-03-09T17:19:31.805452+09:00
d8e1026b-46da-4e81-a579-785ddb8a5e80,75d3725c-c341-47c0-9087-e1f71463262d,b14b8641-d673-4dc6-9f64-cf945c91c0c2,5,향도 은은하고 발림성도 최고예요. 재구매 확정!,2026-03-01T08:53:17.310185+09:00
7309c81e-8f2f-4b36-a18d-4fa6a9a95196,c0f2e35b-fe90-4d74-87f6-70d7709a5054,dda0c490-c889-4338-b6d0-34e8ead900a4,5,진짜 인생템 찾았어요! 피부가 완전 달라졌습니다.,2025-12-31T11:21:44.014024+09:00
67939da2-93b8-4274-9e70-adfe3e19816c,04041862-f683-4248-a13f-01d821bfd4ff,0ffb48e0-d66c-4853-a822-4bac813a5403,4,사용감은 좋은데 효과가 나타나기까지 시간이 좀 걸려요.,2026-03-22T15:07:03.529390+09:00
917f8a23-3c8f-4b04-b558-b4d02391bf07,b6a5a63a-2e1d-4f53-82af-f0e8d2a00a26,3fa5b2f1-0288-4752-ad94-380d444fc9ed,1,피부에 안 맞아서 트러블이 났어요. 환불 요청합니다.,2026-03-24T23:59:59+09:00
38ce7d8b-954e-4629-adc3-62477ac67846,512033bc-aa6c-43a2-b951-d53bf28c503f,34dbc802-1b4c-44fa-affe-fcd964c379ad,5,진짜 인생템 찾았어요! 피부가 완전 달라졌습니다.,2025-12-14T21:35:28.979183+09:00
b6f3da70-26a1-44ea-932a-92ad0774d057,3f394e97-e48c-409c-9fd4-f34ca1bdf669,e4d2dae0-5b6b-4aee-bb8d-eb8c0bd854a7,4,포장이 꼼꼼하고 제품 자체도 괜찮아요. 무난하게 좋습니다.,2026-03-13T13:27:31.716748+09:00
fc92ef0f-b823-45f1-a9d3-008c57b21185,795ca080-c83e-4807-b5b7-9c52e54e7c77,e364f414-5c33-4d38-b3a5-d69fdb379af7,4,향이 살짝 강한 편이지만 효과는 확실해요.,2025-12-15T12:47:25.177332+09:00
77f17c6e-e46e-4e19-8ba1-674921af1891,4c9efa27-9637-4c15-9f16-48b1f82ae961,04e16a79-0f5a-4c70-9f0a-9a3795cef656,4,포장이 꼼꼼하고 제품 자체도 괜찮아요. 무난하게 좋습니다.,2025-08-08T22:24:30.275988+09:00
b729dc0a-9a79-4506-be2b-fbb32f5d3ea6,fe9c6b1d-0fce-406a-aee4-2aeff327b483,f578b710-66b1-4ceb-87cb-887de576a8a9,4,사용감은 좋은데 효과가 나타나기까지 시간이 좀 걸려요.,2026-03-26T23:59:59+09:00
f6b5024e-2112-4227-9861-af0c323e45ce,30266814-e0ee-4d8f-9e89-8b6315736105,d1af1fb3-5895-4b98-8464-46d7c86a67fd,4,사용감은 좋은데 효과가 나타나기까지 시간이 좀 걸려요.,2025-07-22T17:06:37.447786+09:00
2d9a0a69-73d3-4a78-90af-6cadbd2f9fa2,33f88a2c-9356-439b-8df6-18b2b04ea476,d1af1fb3-5895-4b98-8464-46d7c86a67fd,4,기대했던 것만큼은 아니지만 꽤 괜찮은 제품이에요.,2026-02-17T18:42:34.955599+09:00
8f5a046f-6ec6-42ab-80ae-2643ea023688,6fbc4d03-1973-4a96-9a3a-a9a60ac5aab5,0ffb48e0-d66c-4853-a822-4bac813a5403,5,"패키지도 예쁘고 제품력도 좋고, 루나 팬이 됐어요.",2025-11-29T18:02:40.983005+09:00
215c6727-f380-41b6-a7ca-e396b1b7eae1,25f951d5-355d-4913-a177-8003a5a2c6fd,d1af1fb3-5895-4b98-8464-46d7c86a67fd,4,텍스처가 가벼워서 여름에도 부담 없이 쓸 수 있을 것 같아요.,2026-03-26T23:59:59+09:00
71d39803-b3e4-43fe-aa2d-e09bdc811a0a,171db273-a7fc-456b-9ecc-11c2d1ef9a47,d3db3622-844e-4a2e-9b2d-2f9b365cbdc2,2,기대에 미치지 못했어요. 효과가 미미합니다.,2026-03-12T13:05:02.466127+09:00
845b6126-c4fb-457c-b0ca-3040df8c6de6,50a65116-a792-42d3-8d91-4a5b7f8ffabc,888e09ca-a1af-4d96-8b1a-f089c6d357cf,3,성분은 좋은데 제 피부에는 큰 변화가 없네요.,2026-01-23T23:50:01.024825+09:00
e61a93a1-0f62-4bce-80b3-b6e293aa9e93,d39f3965-0981-4d2f-9964-4a76d350d574,188707c9-8cea-49a5-bf9d-6bb36f32e507,3,성분은 좋은데 제 피부에는 큰 변화가 없네요.,2026-03-24T23:59:59+09:00
28077656-c244-4c57-add7-5bbc590e9e45,a0689fdc-0bea-46f5-9869-df06f2a6f63f,35abdb91-c3f9-4459-a920-79a1c41ab9dd,2,발림성은 괜찮은데 흡수가 너무 느려요.,2025-12-02T20:12:24.870178+09:00
2769d9ab-7c92-4932-b7b9-eefa6851ea38,0f4a17aa-ba35-4298-a164-bc4959dc9b95,bd04fecb-cdf3-472e-a600-2249ea446e3c,3,성분은 좋은데 제 피부에는 큰 변화가 없네요.,2026-02-16T20:34:05.327656+09:00
50d63bec-5ba3-4918-b2ac-85056d566af5,15e6be93-284f-422a-b7fb-e36f834844f0,1692ab85-3c94-493a-bb5b-04c9871912de,3,나쁘진 않은데 재구매까지는 모르겠어요.,2026-03-23T20:36:18.614718+09:00
3648b343-39f0-4960-85f3-5e9a0c3ef943,026b866f-255f-470c-887e-1a8dc1e4d33c,72036044-0715-4f89-9287-9a0779c5b2fb,3,성분은 좋은데 제 피부에는 큰 변화가 없네요.,2026-03-24T14:56:08.454367+09:00
6233e762-c5d0-4fe0-b353-f9eccaf82370,2acbcf36-993c-4e66-9773-2e476966d23b,d2ba5453-1ab8-49df-9667-cc9e7cf0426b,5,선물용으로 샀는데 너무 만족해서 제 것도 바로 주문했어요.,2026-02-11T21:51:06.524593+09:00
7dfbbaf2-abfa-4d13-88e1-9f69a5726a11,293b17fe-6d6b-401a-8e3d-c5cfb6ee16a5,888e09ca-a1af-4d96-8b1a-f089c6d357cf,5,피부 톤이 밝아진 게 눈에 보여요. 대만족!,2026-03-26T23:59:59+09:00
a919e7b3-258e-4449-bcdd-658c183c3e35,e84c94c9-f421-4587-9ac4-0241d7e2b27d,a1beead0-c2af-4306-950a-3ac7c25b5200,5,성분이 깨끗해서 안심하고 쓸 수 있어요. 가족 모두 애용 중!,2026-03-09T16:26:13.246279+09:00
daa7601d-4dd3-41ce-9ae4-1540f6ea88b5,f4e0d199-e03c-48ed-b60e-09b5fb6980f1,289389a7-e95d-417f-afaf-b1de6fb588db,5,사용감이 정말 가볍고 흡수가 빨라요. 강추합니다!,2025-12-10T18:31:06.443183+09:00
011ec4b7-98cd-4c07-8e89-d3ea83f84fca,73cc8551-f463-4779-8bb6-580ee4d14580,ec705f3e-b67b-4ce9-858e-59ab201b5106,4,사용감은 좋은데 효과가 나타나기까지 시간이 좀 걸려요.,2026-03-11T21:54:42.744609+09:00
5a19ec45-4e33-4431-a4e7-309d96e16f6c,c9828090-0b6f-4e28-aae7-183e3d680f74,7e1f91b6-4a9c-4338-8bb3-6913d95bac49,3,기대가 커서 그런지 약간 아쉽습니다.,2026-01-15T22:26:43.825300+09:00
dc21ec45-300a-4d26-964b-a0b664224716,3387898b-9b68-4d50-85b5-af09423b6e51,924a1c0e-27e5-490f-8d95-46d972f27eac,3,무난한 제품이에요. 엄청 좋다는 느낌은 아니에요.,2026-03-26T12:53:36.570398+09:00
ae70e7ca-73f3-4ec6-a541-e4bc775f9548,2464d043-c6d8-4736-b947-60d6343b8dbe,2ed53cc8-bee4-44ca-bc6d-992cf9f7d1b7,2,용량 대비 가격이 좀 비싼 느낌이에요.,2026-01-10T12:02:19.795087+09:00
20f6f695-aa51-4729-b7f9-84d3348d96e9,ef8de36f-cddb-46ee-be1c-01424cbc44cc,dda0c490-c889-4338-b6d0-34e8ead900a4,4,향이 살짝 강한 편이지만 효과는 확실해요.,2025-10-19T23:11:56.528505+09:00
6b3e4234-18ae-47cb-8b83-14df8fa033c2,a7b53380-7744-4e47-8816-52527237261a,dc37b3ea-07ab-4524-96e8-5d9e9ad41eef,5,선물용으로 샀는데 너무 만족해서 제 것도 바로 주문했어요.,2026-01-27T14:16:44.978123+09:00
9903bf6c-7c5a-4c7f-94cd-6d8e50ce1892,febd8d08-2621-4717-9151-22a05d39a1d6,d2000bbb-1809-4ad2-97c4-0c845ed663a1,3,가격에 비해 용량이 좀 적은 것 같아요.,2026-01-09T20:38:42.736478+09:00
5a8cd072-feb4-4d2a-b393-2a6c4becd4b5,5733e303-4afb-4a2a-9158-5731329f1646,d1af1fb3-5895-4b98-8464-46d7c86a67fd,4,사용감은 좋은데 효과가 나타나기까지 시간이 좀 걸려요.,2026-01-09T18:02:45.561032+09:00
bc52ecd2-f6be-4770-9e7f-fa4016d4a581,1bb62757-6ec8-4f1f-a3db-6fcb5f4606a1,34dbc802-1b4c-44fa-affe-fcd964c379ad,4,사용감은 좋은데 효과가 나타나기까지 시간이 좀 걸려요.,2026-02-26T15:31:26.091975+09:00
5efed4ac-0dc7-465e-a2cc-6840e5155639,771ca899-39b4-4693-b48a-c77dee5ca08b,ec705f3e-b67b-4ce9-858e-59ab201b5106,4,비건 제품 중에서는 상당히 만족스러운 편이에요.,2026-03-31T21:09:02.394965+09:00
481e03d0-b946-4253-8551-5f5a56414158,42857b79-cf2d-4e76-8a93-be86b0f1dadb,121e4cf0-3c17-45f6-aee6-bd9cb999e444,5,성분이 깨끗해서 안심하고 쓸 수 있어요. 가족 모두 애용 중!,2026-01-12T10:51:27.747630+09:00
a2f777d3-4a5a-46c9-9090-d4928ac0a69b,764b2da7-0a3f-4d7a-82d1-08b16f65adb8,0ffb48e0-d66c-4853-a822-4bac813a5403,5,진짜 인생템 찾았어요! 피부가 완전 달라졌습니다.,2026-03-28T23:59:59+09:00
a22b3a68-996c-4e1a-9cc6-dafafe16d159,9a5c7ef9-5af8-4e7d-9c8a-3afded1e3089,e364f414-5c33-4d38-b3a5-d69fdb379af7,5,예민한 피부에도 자극 없이 순해요. 비건 인증이라 더 믿음이 가요.,2025-10-23T08:12:52.825167+09:00
451120f3-c76e-4307-a957-4a32e4eb3b29,064b1210-bb91-4b92-a43a-c60292d971e1,b2670e53-07e3-47cc-819c-86d9e989698b,4,포장이 꼼꼼하고 제품 자체도 괜찮아요. 무난하게 좋습니다.,2026-02-16T01:37:10.197693+09:00
80a0f6cc-3cb9-4fb3-9dd1-b859543d3b6b,6f698da6-cf9e-4977-aca0-3eb6833a6901,d1af1fb3-5895-4b98-8464-46d7c86a67fd,3,보통이에요. 특별히 좋지도 나쁘지도 않아요.,2026-03-19T21:48:44.673345+09:00
ebc81ebc-b435-4a63-9894-fddc4d9a644c,3eea790d-dbc9-4aec-998d-d282901dac1e,d2ba5453-1ab8-49df-9667-cc9e7cf0426b,4,향이 살짝 강한 편이지만 효과는 확실해요.,2026-01-27T13:25:10.394295+09:00
034d6cbe-1a26-49c1-b9f3-ec561af1da90,af5325b1-56d7-4c27-8a68-0b3cad73749e,875a1387-7bdd-4fb0-854c-c4f1f41f84f5,4,비건 제품 중에서는 상당히 만족스러운 편이에요.,2026-03-24T23:59:59+09:00
3857d3da-3203-4a10-8ef2-cdbaa534ba86,30266814-e0ee-4d8f-9e89-8b6315736105,e364f414-5c33-4d38-b3a5-d69fdb379af7,3,기대가 커서 그런지 약간 아쉽습니다.,2026-03-25T23:59:59+09:00
1d123e00-a549-4020-a94a-1dca2ceb108e,338c5ec8-adfb-419f-b21e-f050ae4569b1,2573cc11-d794-4e9c-97ed-f570513cc175,4,향이 살짝 강한 편이지만 효과는 확실해요.,2026-03-06T10:25:24.261508+09:00
faf2ed3e-bd73-4da1-9674-f2441c9eb89d,59fbc2dd-0a54-401b-af85-4cd86a43e3b1,e364f414-5c33-4d38-b3a5-d69fdb379af7,4,순하고 자극 없이 사용할 수 있어서 좋아요.,2026-03-28T23:59:59+09:00
a32187ae-5f37-4bcd-b30f-680f1e1adc1f,b8bd352e-a0a7-4b60-a29f-c759061aa71f,04e16a79-0f5a-4c70-9f0a-9a3795cef656,5,쓰면 쓸수록 피부가 좋아지는 느낌이에요. 꾸준히 쓸게요.,2026-02-05T12:23:51.099137+09:00
ef09db13-d2d5-49ce-9196-1b0dbaffc3ab,cc67259b-f047-4d1a-ac1b-43a69cd3bcba,cdf24446-7969-47e4-9efe-ba05aa57a067,5,세안 후 당김 없이 촉촉하고 피부결이 매끈해졌어요.,2026-02-10T11:09:03.409124+09:00
6b071d96-186f-4299-9179-d2e703f1d6fe,55d19ef5-1be1-48e7-9381-a46b3d60708e,bd04fecb-cdf3-472e-a600-2249ea446e3c,5,선물용으로 샀는데 너무 만족해서 제 것도 바로 주문했어요.,2025-12-24T19:26:28.030794+09:00
b08fc510-1f6b-4be9-9329-ebd2f0ee7c33,d0444d12-8879-4650-93c8-5e346d622b9a,7110ef62-7fa2-444b-b7f3-8c7938bc6bdb,5,비건 화장품이라 성분 걱정 없이 쓸 수 있어서 너무 좋아요.,2026-03-28T23:59:59+09:00
78c9c292-4ecd-4611-88f8-daa0c3c988ba,5966e0a4-11c6-463f-8dec-819f24e02825,d3db3622-844e-4a2e-9b2d-2f9b365cbdc2,5,진짜 인생템 찾았어요! 피부가 완전 달라졌습니다.,2026-03-29T23:59:59+09:00
14945ec8-e191-4a8c-9c5b-ff61851e68bb,e5cd8f5d-450f-4869-a9ef-b5a0c371e260,888e09ca-a1af-4d96-8b1a-f089c6d357cf,4,향이 살짝 강한 편이지만 효과는 확실해요.,2026-03-17T18:30:38.984229+09:00
944b861f-96d2-410f-8601-4c0cd26e0bf4,392dfd78-70dd-49af-a64e-01176bcbd301,b14b8641-d673-4dc6-9f64-cf945c91c0c2,5,향도 은은하고 발림성도 최고예요. 재구매 확정!,2026-03-25T23:59:59+09:00
67ab5cc7-7e3a-4237-a714-6d23a3ddbe8a,6e6fe656-df07-44c3-a07d-f8e37c0f4cad,924a1c0e-27e5-490f-8d95-46d972f27eac,4,전반적으로 만족합니다. 보습력이 좋아요.,2026-03-03T20:25:10.992089+09:00
4909e9c8-b881-44ca-bf7b-f41af6d248ff,928f378e-3c7e-4f35-aed2-168405f3033e,04e16a79-0f5a-4c70-9f0a-9a3795cef656,4,전반적으로 만족합니다. 보습력이 좋아요.,2026-01-05T10:12:26.082317+09:00
a2ed84d6-ae4d-46f9-902b-aaa8f037948c,50a65116-a792-42d3-8d91-4a5b7f8ffabc,34dbc802-1b4c-44fa-affe-fcd964c379ad,1,배송은 빨랐지만 제품이 기대 이하예요.,2025-12-31T11:59:02.096032+09:00
ca567691-2668-449e-9ae6-b2751dacbe6d,edd3c22a-023b-4caf-bd69-0f117eca17d6,289389a7-e95d-417f-afaf-b1de6fb588db,3,가격에 비해 용량이 좀 적은 것 같아요.,2026-03-25T23:59:59+09:00
fb46faae-955a-405e-83ef-af18398b89e9,eaf36ad7-a366-43fc-8567-bbff143d085f,956c8342-4e1d-4714-9de8-824b8d6b447f,5,세안 후 당김 없이 촉촉하고 피부결이 매끈해졌어요.,2025-11-14T12:10:16.442123+09:00
c368afac-93e7-48ab-8b0b-9132c6d416ff,905478b3-e7c1-4fd9-9cb6-b749458fe035,f578b710-66b1-4ceb-87cb-887de576a8a9,3,무난한 제품이에요. 엄청 좋다는 느낌은 아니에요.,2026-03-13T10:39:46.582770+09:00
7a7b181f-f0cc-4d7d-81b4-4b2bf748a43c,a7b4d7e8-542b-4a47-b00c-49ec25787db1,e4d2dae0-5b6b-4aee-bb8d-eb8c0bd854a7,5,선물용으로 샀는데 너무 만족해서 제 것도 바로 주문했어요.,2025-12-31T15:38:30.792300+09:00
fb323b39-ffe8-49fa-aab0-29038db1cec6,281ee4f8-67f4-48f9-a843-9ef64efe7504,d2ba5453-1ab8-49df-9667-cc9e7cf0426b,2,기대에 미치지 못했어요. 효과가 미미합니다.,2026-01-02T23:27:45.980395+09:00
50bc94fb-75b2-4897-ad95-0eb3e41425da,eb77e142-c95e-49ba-8030-e6e9376e9e0f,e364f414-5c33-4d38-b3a5-d69fdb379af7,4,사용감은 좋은데 효과가 나타나기까지 시간이 좀 걸려요.,2026-03-27T23:59:59+09:00
ee0475bb-dd1e-466b-95f4-1eebb1f1a59a,ae61213d-7857-4e95-84b1-5c52b0b97eb7,e364f414-5c33-4d38-b3a5-d69fdb379af7,5,피부 톤이 밝아진 게 눈에 보여요. 대만족!,2026-03-27T23:59:59+09:00
81fe23a7-240e-478f-bf36-64279508b7d7,d0444d12-8879-4650-93c8-5e346d622b9a,9b487ffb-d090-4b09-be91-da480d044aca,3,기대가 커서 그런지 약간 아쉽습니다.,2026-03-27T23:59:59+09:00
c304ce8a-b25b-4b6a-a68a-dd09d97bc202,7dafe665-205d-4624-a6df-5dcab4f71706,04e16a79-0f5a-4c70-9f0a-9a3795cef656,5,피부 톤이 밝아진 게 눈에 보여요. 대만족!,2026-01-24T08:25:18.798483+09:00
f21273dd-9a36-4bad-9e94-f92655c14254,5ddfae76-4a67-4f74-a91f-92c667505bd5,7110ef62-7fa2-444b-b7f3-8c7938bc6bdb,4,피부 진정에 확실히 도움이 돼요. 다만 용량이 조금 적어요.,2026-03-29T23:59:59+09:00
1ef5de9b-7109-4916-8170-037d36342c9c,f7651fd2-6d0c-465a-aee6-4c15447b6cb7,e5778131-260d-44cc-812a-bf50537e2e58,5,선물용으로 샀는데 너무 만족해서 제 것도 바로 주문했어요.,2026-03-24T23:59:59+09:00
c1b56bc9-b03d-4ffb-a5ac-606a525c8be7,c6f3df3e-8e6b-44d0-99b9-5889fc4d33b2,7e1f91b6-4a9c-4338-8bb3-6913d95bac49,5,쓰면 쓸수록 피부가 좋아지는 느낌이에요. 꾸준히 쓸게요.,2026-03-30T16:17:43.546882+09:00
aceb8e5f-42ce-474d-aca2-464ca3d45a15,e621eb33-dcb6-4bcf-9eb5-6c70b9a0288f,121e4cf0-3c17-45f6-aee6-bd9cb999e444,5,세안 후 당김 없이 촉촉하고 피부결이 매끈해졌어요.,2026-03-27T23:59:59+09:00
c00df563-ce5f-4ec1-bdeb-272775642148,f9e856b3-ec3d-416c-998f-e45d96dba5f5,888e09ca-a1af-4d96-8b1a-f089c6d357cf,5,촉촉함이 하루 종일 유지돼요. 이 가격에 이 품질이라니!,2026-02-26T22:38:57.181110+09:00
9266c7ec-46cf-46ab-8d2c-3c37950f5b41,6d17bf79-26f0-4e6e-b350-fa72e88706c4,b14b8641-d673-4dc6-9f64-cf945c91c0c2,4,포장이 꼼꼼하고 제품 자체도 괜찮아요. 무난하게 좋습니다.,2026-03-13T12:50:02.233796+09:00
24a5cca5-2499-4c32-8024-f1f4d7a9ddf6,492a4fa0-dd7f-49e3-99ab-e8c4a90d90ec,dda0c490-c889-4338-b6d0-34e8ead900a4,3,성분은 좋은데 제 피부에는 큰 변화가 없네요.,2026-03-29T23:59:59+09:00
992fb3a3-f18d-42c1-8819-418805491b04,3387898b-9b68-4d50-85b5-af09423b6e51,e4d2dae0-5b6b-4aee-bb8d-eb8c0bd854a7,4,전반적으로 만족합니다. 보습력이 좋아요.,2025-10-23T21:01:29.958215+09:00
bdc0fd40-d0cd-47aa-9537-7065e585a0ae,6d3709c7-aaa3-41b6-ae40-444f69b49cc3,188707c9-8cea-49a5-bf9d-6bb36f32e507,4,피부 진정에 확실히 도움이 돼요. 다만 용량이 조금 적어요.,2026-03-27T23:59:59+09:00
c27ec847-2422-42b0-b651-23a06b60e3f5,c81aa91d-a9ec-4ae1-b0a3-08aab6eb1188,d1af1fb3-5895-4b98-8464-46d7c86a67fd,4,텍스처가 가벼워서 여름에도 부담 없이 쓸 수 있을 것 같아요.,2026-03-25T23:59:59+09:00
6db68177-7bdf-41b5-8159-831304720826,047e52d4-8018-4226-b0c8-a607ab928bdc,b2670e53-07e3-47cc-819c-86d9e989698b,4,포장이 꼼꼼하고 제품 자체도 괜찮아요. 무난하게 좋습니다.,2026-01-24T03:22:51.794011+09:00
f5e75fb4-5ea0-47e6-bc9c-1c208f5156eb,32848545-ee74-4f49-977c-030676df4752,4aa9b57b-9623-4cb1-810b-497d0dd215d1,5,진짜 인생템 찾았어요! 피부가 완전 달라졌습니다.,2026-03-27T23:59:59+09:00
79643a50-2751-4993-b633-d5d93fbb3415,e32fb58a-460b-49dc-9885-2feb5408e9b7,f0694b21-9373-4e61-90e3-ed66ad4bcdf9,5,선물용으로 샀는데 너무 만족해서 제 것도 바로 주문했어요.,2025-09-30T19:01:40.619429+09:00
0512e2f9-b41f-41da-be94-486595b88d6e,3f65b090-c489-4de5-933b-aa06ca0f5784,f745b8b4-fc08-40a0-ba13-286b1fbc2a99,5,선물용으로 샀는데 너무 만족해서 제 것도 바로 주문했어요.,2026-03-29T14:51:49.057052+09:00
f054042f-89d4-4874-9a00-42e9bb932af4,a3c1b713-bea1-4f2c-a087-a3053b4aeb76,e5778131-260d-44cc-812a-bf50537e2e58,5,향도 은은하고 발림성도 최고예요. 재구매 확정!,2026-03-26T12:26:09.226481+09:00
459e52b0-e7ef-4dd0-b1f3-6a6c8c753e16,1ea930a3-2d70-4ddf-b247-01318e4b7c6e,924a1c0e-27e5-490f-8d95-46d972f27eac,5,선물용으로 샀는데 너무 만족해서 제 것도 바로 주문했어요.,2026-03-28T23:59:59+09:00
b0d5ea30-a4d6-4b5f-b86c-65f6337f815d,55390c25-4628-40c9-881c-94f9e5c4f73d,e364f414-5c33-4d38-b3a5-d69fdb379af7,4,포장이 꼼꼼하고 제품 자체도 괜찮아요. 무난하게 좋습니다.,2026-02-10T17:24:38.625809+09:00
c054cfd2-36ac-4121-b15c-f73ec42066b2,34c6abdb-64ac-47ae-9337-5e7b80945a9c,e5778131-260d-44cc-812a-bf50537e2e58,4,기대했던 것만큼은 아니지만 꽤 괜찮은 제품이에요.,2026-03-29T23:59:59+09:00
aa51beef-0427-4984-8b23-2c207541ba8e,c9193d17-c586-4113-9ec3-c76682b10c46,121e4cf0-3c17-45f6-aee6-bd9cb999e444,3,나쁘진 않은데 재구매까지는 모르겠어요.,2026-03-26T23:59:59+09:00
39e0924d-4303-48b9-a1c1-e396780994de,6ed2752b-31b7-43b6-b5a8-efc06458f532,924a1c0e-27e5-490f-8d95-46d972f27eac,4,텍스처가 가벼워서 여름에도 부담 없이 쓸 수 있을 것 같아요.,2026-01-12T11:26:08.821876+09:00
6e25226c-62cd-4fa8-b20e-2961427d5e64,07f4343c-2bce-4513-8ee6-3d2bcafae3b3,25b49a34-5a45-4171-9b74-7a29bc2852ce,5,선물용으로 샀는데 너무 만족해서 제 것도 바로 주문했어요.,2026-03-02T18:32:04.917865+09:00
61913703-e93e-4c10-8012-61dc32a2c403,a7b4d7e8-542b-4a47-b00c-49ec25787db1,f0694b21-9373-4e61-90e3-ed66ad4bcdf9,5,사용감이 정말 가볍고 흡수가 빨라요. 강추합니다!,2025-12-20T17:52:19.951963+09:00
468eaec2-1ea8-4fe1-9680-006f8bd2708b,a750e1e5-de1f-416a-82e7-800a11af5292,d2ba5453-1ab8-49df-9667-cc9e7cf0426b,4,순하고 자극 없이 사용할 수 있어서 좋아요.,2026-03-01T23:37:31.248082+09:00
5a55048c-9e0e-401d-9411-a3c0c2c07945,776b673e-4a48-4360-949e-5bbd5643e842,7e1f91b6-4a9c-4338-8bb3-6913d95bac49,4,순하고 자극 없이 사용할 수 있어서 좋아요.,2026-02-24T21:41:02.155716+09:00
1b9aa116-819e-48d1-a224-581bee2c2f9f,fbec536f-3710-4e17-8d69-023d790464b4,34dbc802-1b4c-44fa-affe-fcd964c379ad,4,텍스처가 가벼워서 여름에도 부담 없이 쓸 수 있을 것 같아요.,2026-03-27T23:59:59+09:00
b31c6a57-cf16-4689-9b20-bec85e4aa41c,69655ce9-51ca-4929-b411-19b68711de7a,188707c9-8cea-49a5-bf9d-6bb36f32e507,5,사용감이 정말 가볍고 흡수가 빨라요. 강추합니다!,2025-08-11T15:03:57.562505+09:00
8a02c800-c4b1-4b6d-9d82-28da7c3958ad,fe9c6b1d-0fce-406a-aee4-2aeff327b483,ec705f3e-b67b-4ce9-858e-59ab201b5106,5,선물용으로 샀는데 너무 만족해서 제 것도 바로 주문했어요.,2026-03-15T00:01:52.871971+09:00
bb26ddc9-c458-472b-a73e-91b702b825d2,94a37930-62c5-49cf-9729-fdac34165bf1,a1beead0-c2af-4306-950a-3ac7c25b5200,5,선물용으로 샀는데 너무 만족해서 제 것도 바로 주문했어요.,2026-02-21T14:57:57.826737+09:00
de6cdcf4-373a-4a16-986d-7c61843b146a,55390c25-4628-40c9-881c-94f9e5c4f73d,e5778131-260d-44cc-812a-bf50537e2e58,5,촉촉함이 하루 종일 유지돼요. 이 가격에 이 품질이라니!,2026-02-09T17:24:38.625809+09:00
3b8a9b37-121f-4fc5-af83-de28b86b490b,a3c1b713-bea1-4f2c-a087-a3053b4aeb76,63beffb6-3600-436c-9b36-ab5f0632b76f,3,무난한 제품이에요. 엄청 좋다는 느낌은 아니에요.,2026-03-27T23:59:59+09:00
2813325d-321e-47ea-8ce1-bf8210164d68,e69b91d1-8e6e-4ebc-9c83-b7f2bb38c481,0ffb48e0-d66c-4853-a822-4bac813a5403,4,순하고 자극 없이 사용할 수 있어서 좋아요.,2026-02-09T21:55:02.995477+09:00
2d6b253e-0657-46de-aa60-ea83d840d6c9,55390c25-4628-40c9-881c-94f9e5c4f73d,f578b710-66b1-4ceb-87cb-887de576a8a9,5,쓰면 쓸수록 피부가 좋아지는 느낌이에요. 꾸준히 쓸게요.,2025-10-09T23:34:52.487337+09:00
662cf737-14f7-460e-9f58-1d662e510326,761e20ee-98d8-4f1d-99cc-9dedc0167325,a1beead0-c2af-4306-950a-3ac7c25b5200,3,흡수는 잘 되는데 보습 지속력이 좀 부족해요.,2026-03-24T16:59:29.275323+09:00
ef3b8498-9fd9-48d4-9a56-e083f602a13e,1ea930a3-2d70-4ddf-b247-01318e4b7c6e,d3db3622-844e-4a2e-9b2d-2f9b365cbdc2,3,가격에 비해 용량이 좀 적은 것 같아요.,2026-01-29T23:41:43.241342+09:00
6756db81-f8e5-4157-86ad-a55c400c44c9,cf3d9e46-c872-40d4-91fa-c02ccc44e497,188707c9-8cea-49a5-bf9d-6bb36f32e507,2,제 피부에는 안 맞는 것 같아요. 좀 따가웠어요.,2026-03-04T20:23:06.043251+09:00
a8d4f8a4-c57c-40db-ba3b-26359dd0fd70,f9e856b3-ec3d-416c-998f-e45d96dba5f5,dda0c490-c889-4338-b6d0-34e8ead900a4,4,비건 제품 중에서는 상당히 만족스러운 편이에요.,2026-03-11T22:38:57.181110+09:00
1c8d481b-5091-4ba1-b868-f1e1c9c014ef,51250538-0a39-4d39-8f48-d753e718e15d,1692ab85-3c94-493a-bb5b-04c9871912de,3,나쁘진 않은데 재구매까지는 모르겠어요.,2025-11-24T00:23:35.135404+09:00
bc3d0418-c021-4c34-9858-3f74a38f4426,41447b10-ce35-4fc2-a17f-95489047a444,35abdb91-c3f9-4459-a920-79a1c41ab9dd,5,성분이 깨끗해서 안심하고 쓸 수 있어요. 가족 모두 애용 중!,2025-11-13T18:28:39.084486+09:00
dfebe47c-067d-4412-947a-c865e0560ef8,236291f2-0f5e-48df-bb0b-ed0f49594c8f,63beffb6-3600-436c-9b36-ab5f0632b76f,2,향이 너무 강해서 호불호가 갈릴 것 같아요.,2025-11-12T13:43:33.185741+09:00
78101aa3-e7c0-406e-8b75-0979605881d4,8262fdd5-c0c2-444c-921f-c83eec4b50db,013d895b-0005-4a06-93a6-0b36f446a0fe,5,"패키지도 예쁘고 제품력도 좋고, 루나 팬이 됐어요.",2026-03-23T12:52:32.134701+09:00
ad683099-bd8d-4064-952e-e2406d8cc8c9,512033bc-aa6c-43a2-b951-d53bf28c503f,9b487ffb-d090-4b09-be91-da480d044aca,5,세안 후 당김 없이 촉촉하고 피부결이 매끈해졌어요.,2025-11-15T19:48:36.867346+09:00
bae680e0-61cd-4f27-80d5-0d95325a0870,8fe75876-83e2-4cf5-a624-a58c5b3c9d19,1692ab85-3c94-493a-bb5b-04c9871912de,4,포장이 꼼꼼하고 제품 자체도 괜찮아요. 무난하게 좋습니다.,2026-03-26T23:59:59+09:00
c3f11701-f417-46df-a5ac-e0e908dbb5aa,6dbb232e-4a0e-410b-a8fa-c886537931b2,f745b8b4-fc08-40a0-ba13-286b1fbc2a99,4,기대했던 것만큼은 아니지만 꽤 괜찮은 제품이에요.,2026-03-27T23:59:59+09:00
e4b485ee-feb4-4308-88d2-17b76cbe60f0,00f15596-c335-48c3-b547-c1b52b150363,da6bbd5d-70d6-4b3e-8e38-06205bab0afb,5,피부 톤이 밝아진 게 눈에 보여요. 대만족!,2026-01-27T16:25:58.356887+09:00
63adc928-f32f-4b12-a879-5308d9cfcd5d,51250538-0a39-4d39-8f48-d753e718e15d,d2000bbb-1809-4ad2-97c4-0c845ed663a1,5,진짜 인생템 찾았어요! 피부가 완전 달라졌습니다.,2026-03-29T09:53:54.412663+09:00
7de27dee-3d94-4e18-96ce-d51e12602e61,d480ffbd-8447-497a-9846-9d53d7928f93,25b49a34-5a45-4171-9b74-7a29bc2852ce,5,민감성인데 하나도 안 따갑고 진정 효과 확실해요.,2026-03-21T11:04:21.153711+09:00
7cddef21-79f3-4492-910d-c417284b0cb3,27e36a7c-06e5-4bd7-b36d-44002fce6017,cdf24446-7969-47e4-9efe-ba05aa57a067,5,"패키지도 예쁘고 제품력도 좋고, 루나 팬이 됐어요.",2025-12-12T19:56:17.203004+09:00
be2437ac-3548-4d00-9a8a-9b8f1f168066,e8dbbe07-53df-4180-84a6-c53dced2ac7c,d3db3622-844e-4a2e-9b2d-2f9b365cbdc2,5,진짜 인생템 찾았어요! 피부가 완전 달라졌습니다.,2026-03-25T23:59:59+09:00
7e4b73aa-8709-481a-84f5-b4ee2be769d3,795ca080-c83e-4807-b5b7-9c52e54e7c77,72036044-0715-4f89-9287-9a0779c5b2fb,2,용량 대비 가격이 좀 비싼 느낌이에요.,2025-12-17T12:47:25.177332+09:00
b14b58bd-54fd-4e78-872f-797a5f6a6b43,1ea930a3-2d70-4ddf-b247-01318e4b7c6e,1692ab85-3c94-493a-bb5b-04c9871912de,5,비건 화장품이라 성분 걱정 없이 쓸 수 있어서 너무 좋아요.,2026-02-09T23:41:43.241342+09:00
1ffc2efe-bd60-4f6a-ae30-a722747c2b81,3d0ef80f-81e5-4b68-9762-ae5b33273cb1,dc37b3ea-07ab-4524-96e8-5d9e9ad41eef,5,촉촉함이 하루 종일 유지돼요. 이 가격에 이 품질이라니!,2026-03-06T12:01:47.398518+09:00
20928f8c-630e-4d1b-ad5e-b47522ec5ace,6bec0e78-786c-458d-8f55-17ed11bc3e7f,e5778131-260d-44cc-812a-bf50537e2e58,5,촉촉함이 하루 종일 유지돼요. 이 가격에 이 품질이라니!,2026-03-29T23:59:59+09:00
ef7a2a98-a478-47ad-b7fa-104177557eae,0f4a8005-5275-418a-955f-ab56f176998d,dc37b3ea-07ab-4524-96e8-5d9e9ad41eef,4,기대했던 것만큼은 아니지만 꽤 괜찮은 제품이에요.,2026-02-09T19:26:12.995048+09:00
f1b005f1-7614-415f-9897-8232bc86a8b3,46867cde-ed4e-44e5-93c9-0e3f14836721,0ffb48e0-d66c-4853-a822-4bac813a5403,5,민감성인데 하나도 안 따갑고 진정 효과 확실해요.,2026-03-14T20:46:14.599557+09:00
2d4dede4-17db-4c6f-8357-63a4fbbd5f01,9d9fe35f-1cb2-41ff-af0f-e9c034771d8b,cdf24446-7969-47e4-9efe-ba05aa57a067,2,발림성은 괜찮은데 흡수가 너무 느려요.,2026-03-27T23:59:59+09:00
2d74cfa2-fdd5-4811-9959-1cb540e4c8ed,77019af4-38da-465d-8376-6353b63fdd5e,b2670e53-07e3-47cc-819c-86d9e989698b,4,가격 대비 괜찮은 것 같아요. 재구매 고려 중입니다.,2025-11-12T11:18:43.169477+09:00
87896561-d0ea-41fb-af5a-7e759dbd87bf,d8f12c1c-663e-4daa-9251-44ada6527938,34dbc802-1b4c-44fa-affe-fcd964c379ad,4,전반적으로 만족합니다. 보습력이 좋아요.,2026-03-26T23:59:59+09:00
d5960766-987d-481c-81e1-fe96a195d91c,bc60a3b5-578a-4bc4-b959-a18048acc001,04e16a79-0f5a-4c70-9f0a-9a3795cef656,5,쓰면 쓸수록 피부가 좋아지는 느낌이에요. 꾸준히 쓸게요.,2026-01-09T13:28:14.254125+09:00
6c6dfe02-e7f2-4272-8f4b-6c40fa3bda43,8e43a8a7-170b-48c9-91b8-544370465c99,cdf24446-7969-47e4-9efe-ba05aa57a067,1,피부에 안 맞아서 트러블이 났어요. 환불 요청합니다.,2025-11-06T17:36:03.885628+09:00
bb3e1f15-c0ef-48c9-8e62-5188f2af2ac6,9e91aba7-e342-435c-b702-cb80c3bdc948,3fa5b2f1-0288-4752-ad94-380d444fc9ed,5,성분이 깨끗해서 안심하고 쓸 수 있어요. 가족 모두 애용 중!,2026-03-26T23:59:59+09:00
ceaa49ff-e76f-419f-90db-1f1c5ac19bc0,0d0318df-392b-465c-81ab-0e7a9ed3a50e,b2670e53-07e3-47cc-819c-86d9e989698b,3,나쁘진 않은데 재구매까지는 모르겠어요.,2026-03-24T23:59:59+09:00
984dbe2d-c57c-47cd-bf6b-0b6408923467,4ece4021-de52-4670-8c5d-8301a04448d5,d2000bbb-1809-4ad2-97c4-0c845ed663a1,5,선물용으로 샀는데 너무 만족해서 제 것도 바로 주문했어요.,2026-02-26T17:24:38.782391+09:00
ea17b975-17e8-400a-bf64-d448d60f770e,914274a8-618f-4ccc-a50d-309b25af042e,34dbc802-1b4c-44fa-affe-fcd964c379ad,5,비건 화장품이라 성분 걱정 없이 쓸 수 있어서 너무 좋아요.,2026-02-14T21:13:10.649250+09:00
9607e13b-d444-4bde-a9fa-58b70b1721f0,874ee111-8eba-4d54-888b-e0b3db45c6d7,67feff16-a1a5-45cd-9b11-0ffd7cf1ba5d,3,나쁘진 않은데 재구매까지는 모르겠어요.,2026-03-26T23:59:59+09:00
e8aed0f8-eb78-4df9-80c4-1272568869b4,86459a7c-e41d-4d5b-bb7e-c33ee25cfec0,1692ab85-3c94-493a-bb5b-04c9871912de,4,사용감은 좋은데 효과가 나타나기까지 시간이 좀 걸려요.,2026-02-12T12:32:31.233801+09:00
913d7dc6-edff-4db7-b662-f7c28c6ceb36,f44b5165-cfaa-437b-bcb1-af92305cfac8,7e1f91b6-4a9c-4338-8bb3-6913d95bac49,5,비건 화장품이라 성분 걱정 없이 쓸 수 있어서 너무 좋아요.,2026-03-26T23:59:59+09:00
e753cbf1-6f5f-447b-be27-66fbdb7b053c,8d08b4bd-5d14-4cc1-a0c9-2d7b1ac6453a,d1af1fb3-5895-4b98-8464-46d7c86a67fd,4,피부 진정에 확실히 도움이 돼요. 다만 용량이 조금 적어요.,2026-02-11T13:26:13.910032+09:00
9dddabd0-3309-4b1a-b135-595b250e09ee,7901fa15-fa7e-44f1-9923-acc3c210959e,35abdb91-c3f9-4459-a920-79a1c41ab9dd,4,피부 진정에 확실히 도움이 돼요. 다만 용량이 조금 적어요.,2026-03-22T10:49:11.030443+09:00
6403c87e-cf3c-41bf-b790-98e97b384772,0e71a409-8aac-456c-9171-05d089f268f7,63beffb6-3600-436c-9b36-ab5f0632b76f,5,예민한 피부에도 자극 없이 순해요. 비건 인증이라 더 믿음이 가요.,2026-03-20T13:11:48.012986+09:00
0fb5cd47-ec34-4805-8787-7bfd7ac4f1bd,640d68a0-59bb-4a21-85ec-26a285a5b6c1,b14b8641-d673-4dc6-9f64-cf945c91c0c2,4,가격 대비 괜찮은 것 같아요. 재구매 고려 중입니다.,2026-02-05T22:12:24.364427+09:00
254225fe-5820-4fa5-8bbf-be05ed38c757,f1ce3994-042e-474f-95fa-5ac044d4b7bb,3811802f-a6b8-46c0-a73e-a094bcb4f118,5,선물용으로 샀는데 너무 만족해서 제 것도 바로 주문했어요.,2025-11-15T20:06:54.122016+09:00
329d53d7-4da1-47ec-b1ab-d22fa8f9d241,f5adafda-e742-41c3-953b-c8b50a2c9f1e,9b487ffb-d090-4b09-be91-da480d044aca,3,성분은 좋은데 제 피부에는 큰 변화가 없네요.,2025-11-30T22:51:58.061976+09:00
ec3295f7-a1b8-41c6-bd97-b33c1f08e972,42857b79-cf2d-4e76-8a93-be86b0f1dadb,ba41dedf-c188-414d-abc2-8d7c08b312d7,3,보통이에요. 특별히 좋지도 나쁘지도 않아요.,2026-01-29T16:03:20.327997+09:00
982beacc-86eb-474c-8705-d1cfa9c1401e,8ce3ecf8-9757-4f60-9db5-6858102be40c,d3db3622-844e-4a2e-9b2d-2f9b365cbdc2,4,가격 대비 괜찮은 것 같아요. 재구매 고려 중입니다.,2025-11-02T21:25:19.046359+09:00
202d34e6-178b-49e1-90e5-9e97346e5434,1ea930a3-2d70-4ddf-b247-01318e4b7c6e,2573cc11-d794-4e9c-97ed-f570513cc175,4,가격 대비 괜찮은 것 같아요. 재구매 고려 중입니다.,2026-03-31T17:22:37.189469+09:00
178b6597-e262-4925-8f7e-b74e17f15378,2c4ff0c2-f8b2-46e4-b28c-6c735847e06f,7110ef62-7fa2-444b-b7f3-8c7938bc6bdb,4,피부 진정에 확실히 도움이 돼요. 다만 용량이 조금 적어요.,2026-01-02T15:31:30.567023+09:00
4aba369c-dc44-4cc9-a38f-6670defcbadb,33f88a2c-9356-439b-8df6-18b2b04ea476,956c8342-4e1d-4714-9de8-824b8d6b447f,5,쓰면 쓸수록 피부가 좋아지는 느낌이에요. 꾸준히 쓸게요.,2026-03-01T15:14:45.043987+09:00
bf5fbf3a-cd88-412b-aea3-1425f0cd973b,a6f1f9ea-e663-4125-b551-69f9920c0659,289389a7-e95d-417f-afaf-b1de6fb588db,1,배송은 빨랐지만 제품이 기대 이하예요.,2025-07-28T08:01:22.406437+09:00
4d6a7a4e-5007-4ea0-b1a8-098bd346f534,59fbc2dd-0a54-401b-af85-4cd86a43e3b1,dc1302e9-d407-45bb-82a3-aef9b723587f,5,피부 톤이 밝아진 게 눈에 보여요. 대만족!,2026-03-16T20:00:25.854066+09:00
95ec019f-26af-4ff3-bf92-562afe46ede5,e42c10c4-4923-43cb-82fd-d6dd1d9b4d96,d2ba5453-1ab8-49df-9667-cc9e7cf0426b,5,민감성인데 하나도 안 따갑고 진정 효과 확실해요.,2026-02-08T21:03:43.487652+09:00
72577f00-c0d6-4811-a208-48ba0d416abc,465f56b3-9c0b-4b81-a4a7-ddbbf8992f9b,7e1f91b6-4a9c-4338-8bb3-6913d95bac49,5,성분이 깨끗해서 안심하고 쓸 수 있어요. 가족 모두 애용 중!,2026-01-29T21:35:20.913614+09:00
49c02ca2-101f-40e8-b34e-eb2ef77fa521,f5de3971-1816-4ee5-973a-5778b94e58a0,04e16a79-0f5a-4c70-9f0a-9a3795cef656,5,성분이 깨끗해서 안심하고 쓸 수 있어요. 가족 모두 애용 중!,2026-03-28T23:59:59+09:00
d57e257e-49c3-49d1-80ad-1d6db6d4c7b2,f5de3971-1816-4ee5-973a-5778b94e58a0,dcd9dd5d-f988-450e-834a-671effc11fcd,2,기대에 미치지 못했어요. 효과가 미미합니다.,2026-03-25T23:59:59+09:00
1ab61c5e-5a37-48b2-a2be-800cbae27053,587b8e2f-6e15-413e-801b-e4311347b653,72036044-0715-4f89-9287-9a0779c5b2fb,1,전혀 효과가 없어요. 실망입니다.,2026-03-21T21:32:03.820011+09:00
2f95d343-289c-47e1-bb5a-90c2c7aaf04b,51250538-0a39-4d39-8f48-d753e718e15d,a1beead0-c2af-4306-950a-3ac7c25b5200,5,쓰면 쓸수록 피부가 좋아지는 느낌이에요. 꾸준히 쓸게요.,2026-02-13T18:59:56.576944+09:00
5bd637fb-b001-4bc8-83d4-b6d716097bff,73734e9a-8054-4f86-97ef-69e23d2f373c,4aa9b57b-9623-4cb1-810b-497d0dd215d1,4,사용감은 좋은데 효과가 나타나기까지 시간이 좀 걸려요.,2026-03-30T23:59:59+09:00
b7294a77-1bef-4fc2-b367-02ad2b424f07,f10a6160-7efd-4e9f-b47c-be628ff9ccde,013d895b-0005-4a06-93a6-0b36f446a0fe,2,용량 대비 가격이 좀 비싼 느낌이에요.,2026-03-29T23:59:59+09:00
a582d525-9065-459a-9607-b048a9bb428b,9f0c64b4-a4fd-4503-8ab4-7009dd79f842,d1af1fb3-5895-4b98-8464-46d7c86a67fd,5,진짜 인생템 찾았어요! 피부가 완전 달라졌습니다.,2026-02-26T20:48:15.157852+09:00
b31e595f-6095-44d5-be0b-35620635db50,8ce06319-422a-463d-9cf7-59264586f9f4,1692ab85-3c94-493a-bb5b-04c9871912de,2,향이 너무 강해서 호불호가 갈릴 것 같아요.,2026-03-28T23:59:59+09:00
0a2ce3e4-c2fe-4ea9-ad2e-eecedd8d485a,c9193d17-c586-4113-9ec3-c76682b10c46,7e1f91b6-4a9c-4338-8bb3-6913d95bac49,2,제 피부에는 안 맞는 것 같아요. 좀 따가웠어요.,2026-03-29T23:59:59+09:00
77cfd7e4-ce85-4c80-b884-458b6ed28809,eaec6738-225e-4d47-9075-87f7445a592f,da6bbd5d-70d6-4b3e-8e38-06205bab0afb,4,텍스처가 가벼워서 여름에도 부담 없이 쓸 수 있을 것 같아요.,2025-11-23T23:12:53.066147+09:00
1fac915e-42a9-4cf7-80f4-53ca7167f03a,771ca899-39b4-4693-b48a-c77dee5ca08b,e4d2dae0-5b6b-4aee-bb8d-eb8c0bd854a7,5,성분이 깨끗해서 안심하고 쓸 수 있어요. 가족 모두 애용 중!,2025-07-20T22:38:38.073123+09:00
b4af7a8e-e6d8-4961-8a2a-f7994843aeea,867d1851-f895-471e-943f-2ae1a099fb9b,72036044-0715-4f89-9287-9a0779c5b2fb,2,용량 대비 가격이 좀 비싼 느낌이에요.,2026-03-28T11:31:51.294457+09:00
79b23c1d-746d-48d0-b3e3-bd95db8d282b,a3c1b713-bea1-4f2c-a087-a3053b4aeb76,924a1c0e-27e5-490f-8d95-46d972f27eac,1,냄새가 이상하고 질감도 안 좋아요.,2026-03-16T19:27:35.748531+09:00
852e63f9-695e-4173-b0af-94c3596e6873,25750e98-7c82-4bc4-b064-307650ac35a4,bd04fecb-cdf3-472e-a600-2249ea446e3c,4,포장이 꼼꼼하고 제품 자체도 괜찮아요. 무난하게 좋습니다.,2026-02-26T13:26:07.222089+09:00
05be3204-e8dd-48fd-b709-75efc00b4fd7,f4d7ec68-3148-46c4-bc15-8ff995399192,f578b710-66b1-4ceb-87cb-887de576a8a9,4,피부 진정에 확실히 도움이 돼요. 다만 용량이 조금 적어요.,2025-12-27T21:16:58.462679+09:00
b7a1ffb7-0363-4917-85e5-afb8575fc0fd,cb8117b0-8f8d-4cd0-acaa-b08f17986c35,7110ef62-7fa2-444b-b7f3-8c7938bc6bdb,5,비건 화장품이라 성분 걱정 없이 쓸 수 있어서 너무 좋아요.,2026-02-01T21:19:12.597957+09:00
1732eafa-d299-4226-a9d8-e84eb1bd64b7,da2e3751-9849-452a-a74b-08b2e2b55d56,d3db3622-844e-4a2e-9b2d-2f9b365cbdc2,5,민감성인데 하나도 안 따갑고 진정 효과 확실해요.,2026-01-22T21:23:20.138512+09:00
6372dcc8-0456-43f4-bcf2-e0459aa236b9,59fbc2dd-0a54-401b-af85-4cd86a43e3b1,121e4cf0-3c17-45f6-aee6-bd9cb999e444,4,향이 살짝 강한 편이지만 효과는 확실해요.,2026-03-10T12:23:48.534988+09:00
2b02415d-37c6-4694-b292-afcd682bfd8a,de5c28a8-3786-48a3-81df-4c04417f143e,2573cc11-d794-4e9c-97ed-f570513cc175,4,전반적으로 만족합니다. 보습력이 좋아요.,2026-03-18T22:10:09.894587+09:00
b13cfa43-fc58-485c-99ab-3206b5136ca6,a3b854da-defc-469a-a611-b5fd49a67f5c,b14b8641-d673-4dc6-9f64-cf945c91c0c2,2,제 피부에는 안 맞는 것 같아요. 좀 따가웠어요.,2026-03-30T22:06:08.108599+09:00
d12030b5-eb66-4982-b373-1e482e3563a1,f1ce3994-042e-474f-95fa-5ac044d4b7bb,188707c9-8cea-49a5-bf9d-6bb36f32e507,5,"패키지도 예쁘고 제품력도 좋고, 루나 팬이 됐어요.",2025-11-02T21:10:59.547518+09:00
ae4795bc-af8a-4497-bff7-b6a54f665e70,3a5a0cdb-cbcf-4f5f-ac32-c390c12bc4ab,ec705f3e-b67b-4ce9-858e-59ab201b5106,5,세안 후 당김 없이 촉촉하고 피부결이 매끈해졌어요.,2025-12-18T10:25:15.589302+09:00
29eb708a-d89b-433e-b96a-03250e37988a,17114804-5c5a-4210-b7cf-408fa170b8d2,d1af1fb3-5895-4b98-8464-46d7c86a67fd,4,향이 살짝 강한 편이지만 효과는 확실해요.,2025-12-04T21:42:35.062018+09:00
dd1c9ea5-a525-46ee-bce9-eff0d74cf9fe,46867cde-ed4e-44e5-93c9-0e3f14836721,b14b8641-d673-4dc6-9f64-cf945c91c0c2,5,비건 화장품이라 성분 걱정 없이 쓸 수 있어서 너무 좋아요.,2026-03-26T18:29:55.451325+09:00
087c51c2-d364-429f-83ff-186ad826cedc,3e3481a0-f697-48a7-b30b-a8e1340b5998,25b49a34-5a45-4171-9b74-7a29bc2852ce,5,향도 은은하고 발림성도 최고예요. 재구매 확정!,2025-09-09T07:01:08.507729+09:00
039de21b-1198-4618-a04f-d4de56671bd6,1bb62757-6ec8-4f1f-a3db-6fcb5f4606a1,f0694b21-9373-4e61-90e3-ed66ad4bcdf9,1,냄새가 이상하고 질감도 안 좋아요.,2026-03-12T21:39:18.508373+09:00
6bfdf2da-ebfc-445f-aa60-9908abd1025c,09cf4899-fd7c-4338-b847-b32b80b530d3,888e09ca-a1af-4d96-8b1a-f089c6d357cf,4,사용감은 좋은데 효과가 나타나기까지 시간이 좀 걸려요.,2026-03-25T23:59:59+09:00
6c753c64-6a9f-42f8-84e0-8cc42361fac7,9307a491-04b7-473d-bfe2-d038845ceb37,121e4cf0-3c17-45f6-aee6-bd9cb999e444,4,비건 제품 중에서는 상당히 만족스러운 편이에요.,2026-03-10T20:44:34.791288+09:00
a1af41c5-d5d6-421b-bd1d-d22d6844e057,3824a71d-6935-4272-b7c9-45536cc038c0,121e4cf0-3c17-45f6-aee6-bd9cb999e444,5,선물용으로 샀는데 너무 만족해서 제 것도 바로 주문했어요.,2026-03-29T23:59:59+09:00
5e8c6377-f13b-4ab4-a475-916996b4376d,1022c301-ce47-4778-b82e-ae4ed3b72e28,dda0c490-c889-4338-b6d0-34e8ead900a4,5,비건 화장품이라 성분 걱정 없이 쓸 수 있어서 너무 좋아요.,2026-03-30T23:59:59+09:00
5d15861a-7d35-471c-95bf-e927189d8feb,8b1a3418-7cd9-41a4-b8c3-04390fbe737b,25b49a34-5a45-4171-9b74-7a29bc2852ce,5,"패키지도 예쁘고 제품력도 좋고, 루나 팬이 됐어요.",2025-12-28T20:02:46.970482+09:00
67845991-6888-4b59-a405-be3ce2d314de,a3c1b713-bea1-4f2c-a087-a3053b4aeb76,e4d2dae0-5b6b-4aee-bb8d-eb8c0bd854a7,1,피부에 안 맞아서 트러블이 났어요. 환불 요청합니다.,2026-03-27T23:59:59+09:00
eca10fc5-f159-4958-a41a-81d95b094599,fdb6ade5-8231-406a-9dd7-55bda729e15f,f578b710-66b1-4ceb-87cb-887de576a8a9,1,배송은 빨랐지만 제품이 기대 이하예요.,2026-03-27T23:59:59+09:00
0d07a627-9c3e-46af-a5dc-78d5b6659133,d90c9843-c366-4f4b-a1a4-a219fe65716f,289389a7-e95d-417f-afaf-b1de6fb588db,5,예민한 피부에도 자극 없이 순해요. 비건 인증이라 더 믿음이 가요.,2026-03-28T23:59:59+09:00
ea1ddcae-132e-4e88-87ee-dd8ba81290c3,5023e6d0-62fa-456d-8330-cdb7a6b6efe4,2573cc11-d794-4e9c-97ed-f570513cc175,2,제 피부에는 안 맞는 것 같아요. 좀 따가웠어요.,2025-10-03T18:10:21.391633+09:00
e053413d-e878-445e-8929-86408ec2112b,1253228e-4cf2-46a8-936c-637081c87d48,888e09ca-a1af-4d96-8b1a-f089c6d357cf,2,발림성은 괜찮은데 흡수가 너무 느려요.,2026-03-25T23:59:59+09:00
06852b0c-c679-420b-996f-eaac5eee4667,33f88a2c-9356-439b-8df6-18b2b04ea476,fe2f36a8-af28-42dd-9780-08a30408647a,5,향도 은은하고 발림성도 최고예요. 재구매 확정!,2025-11-26T19:47:22.533666+09:00
eccebe96-ca39-4f60-a749-491a678e0691,4d30d641-2411-45a0-8584-6c05fa3d0c34,1692ab85-3c94-493a-bb5b-04c9871912de,2,용량 대비 가격이 좀 비싼 느낌이에요.,2026-03-26T23:59:59+09:00
6b454979-94bc-420a-bb8d-394517380fc7,c6381856-83d2-426f-8372-8b467d85d7da,1692ab85-3c94-493a-bb5b-04c9871912de,4,텍스처가 가벼워서 여름에도 부담 없이 쓸 수 있을 것 같아요.,2026-01-28T15:56:39.664760+09:00
173d25e1-4a78-4e13-b349-d999fbcc5418,9f0c64b4-a4fd-4503-8ab4-7009dd79f842,cdf24446-7969-47e4-9efe-ba05aa57a067,3,나쁘진 않은데 재구매까지는 모르겠어요.,2026-03-27T23:59:59+09:00
c76ea1ea-d919-483d-b931-3f781d16c51a,72c90d73-7d40-48b0-922d-8a7deacf90a3,3359baa5-d5ae-472b-a598-7de8610b8fe3,5,진짜 인생템 찾았어요! 피부가 완전 달라졌습니다.,2026-03-28T15:57:40.865511+09:00
bf1ae811-c063-45d5-bf8d-13cb65045bf0,d8db1abc-3561-45c9-bf5d-6cae434f85b8,f578b710-66b1-4ceb-87cb-887de576a8a9,4,사용감은 좋은데 효과가 나타나기까지 시간이 좀 걸려요.,2025-10-05T14:22:56.331596+09:00
83970158-0f4e-45a4-beed-775b528bad12,8cb86d6e-5359-4f5d-86ef-a9851ffaa510,04e16a79-0f5a-4c70-9f0a-9a3795cef656,5,향도 은은하고 발림성도 최고예요. 재구매 확정!,2026-01-11T16:19:44.865755+09:00
c51fc7f5-b450-45ff-b7c6-67df1580fffb,f3a2c621-bafc-417c-baaa-3483530f633b,d2000bbb-1809-4ad2-97c4-0c845ed663a1,5,피부 톤이 밝아진 게 눈에 보여요. 대만족!,2026-03-29T23:59:59+09:00
b80aecfa-f153-41bc-9fdf-52dd2c01e4f5,4548486f-5cb7-4d46-a19c-61437c52eaca,b14b8641-d673-4dc6-9f64-cf945c91c0c2,5,쓰면 쓸수록 피부가 좋아지는 느낌이에요. 꾸준히 쓸게요.,2026-03-25T23:59:59+09:00
6bda06a5-32ed-4846-932d-7599c018d9ef,3e3481a0-f697-48a7-b30b-a8e1340b5998,888e09ca-a1af-4d96-8b1a-f089c6d357cf,5,선물용으로 샀는데 너무 만족해서 제 것도 바로 주문했어요.,2026-01-18T20:43:40.943153+09:00
6c97c4bf-cf54-4d54-8472-1b1fc78a2f70,fc1db3c2-50bc-4c69-9fb5-5a3ae07e1a55,b2670e53-07e3-47cc-819c-86d9e989698b,3,가격에 비해 용량이 좀 적은 것 같아요.,2026-02-19T19:01:19.534419+09:00
9533a1c5-4861-4525-90d9-ed192dbd5254,b0f23575-e916-456d-b7fe-8d17decfe609,67feff16-a1a5-45cd-9b11-0ffd7cf1ba5d,3,무난한 제품이에요. 엄청 좋다는 느낌은 아니에요.,2025-12-17T08:12:09.503464+09:00
dda4e550-05f7-4875-982f-d91ece6324d5,96418963-ae18-4dbd-ba4f-2da219ad6fd2,ba41dedf-c188-414d-abc2-8d7c08b312d7,5,이 가격에 이 성분 구성이면 가성비 최고입니다.,2026-03-29T23:59:59+09:00
6742ae64-befc-4042-9ac6-29c454789259,caf9f05a-a96d-4e22-a74e-77f80a269b99,dc37b3ea-07ab-4524-96e8-5d9e9ad41eef,4,피부 진정에 확실히 도움이 돼요. 다만 용량이 조금 적어요.,2026-03-29T23:59:59+09:00
c22ef82e-c5e0-4ab3-b1f5-f29921507138,f44b5165-cfaa-437b-bcb1-af92305cfac8,d3db3622-844e-4a2e-9b2d-2f9b365cbdc2,5,민감성인데 하나도 안 따갑고 진정 효과 확실해요.,2026-03-27T22:03:23.279796+09:00
e130662d-de93-40fa-9701-e59242db1ac4,b0a1196f-3880-4915-ae5a-b67be479856a,d2ba5453-1ab8-49df-9667-cc9e7cf0426b,4,향이 살짝 강한 편이지만 효과는 확실해요.,2026-01-16T13:18:10.940523+09:00
56295e52-414f-4a62-b637-1c3a2513066b,f418bcc5-75bf-417d-9240-4a19984d97df,2ed53cc8-bee4-44ca-bc6d-992cf9f7d1b7,4,비건 제품 중에서는 상당히 만족스러운 편이에요.,2026-02-07T23:56:55.365253+09:00
2f921c21-501b-4a89-ab90-54d590c5b9d6,269eab71-c9b5-4eb7-a1ea-da6e24638435,bd04fecb-cdf3-472e-a600-2249ea446e3c,5,세안 후 당김 없이 촉촉하고 피부결이 매끈해졌어요.,2026-03-28T23:59:59+09:00
ef0ae164-c806-4d35-9718-bb0c90f69f29,f5de3971-1816-4ee5-973a-5778b94e58a0,289389a7-e95d-417f-afaf-b1de6fb588db,5,비건 화장품이라 성분 걱정 없이 쓸 수 있어서 너무 좋아요.,2026-03-29T23:51:35.110579+09:00
57ca71e7-0d8d-4fb9-9ffb-5746b50063bb,86cad043-e7e9-44cf-b3bd-4055333cc8f0,1692ab85-3c94-493a-bb5b-04c9871912de,3,무난한 제품이에요. 엄청 좋다는 느낌은 아니에요.,2025-10-13T22:07:16.130416+09:00
a8202814-0e87-49b3-8bde-5d111eccbe73,94981a4c-b0fa-486e-b525-0e0222986197,188707c9-8cea-49a5-bf9d-6bb36f32e507,4,사용감은 좋은데 효과가 나타나기까지 시간이 좀 걸려요.,2026-02-04T19:17:34.945513+09:00
cd06ef66-8736-4035-9803-b5d24e17717e,cb8117b0-8f8d-4cd0-acaa-b08f17986c35,a1beead0-c2af-4306-950a-3ac7c25b5200,2,기대에 미치지 못했어요. 효과가 미미합니다.,2026-02-08T21:19:12.597957+09:00
94b21afd-d339-46d4-81e3-4749ecf8d6c5,eb93abc6-f109-455b-a2c2-1ac99b04a88b,956c8342-4e1d-4714-9de8-824b8d6b447f,5,촉촉함이 하루 종일 유지돼요. 이 가격에 이 품질이라니!,2026-03-25T23:59:59+09:00
40ba0bbf-7130-4300-ae89-d29a15a10d47,77019af4-38da-465d-8376-6353b63fdd5e,f0694b21-9373-4e61-90e3-ed66ad4bcdf9,2,용량 대비 가격이 좀 비싼 느낌이에요.,2025-11-15T13:14:17.548422+09:00
9fe7fbd4-3774-4761-a386-851145de975d,a9a29b6e-19d2-4ffb-8d93-6efd9faafbd5,875a1387-7bdd-4fb0-854c-c4f1f41f84f5,4,피부 진정에 확실히 도움이 돼요. 다만 용량이 조금 적어요.,2026-02-11T15:46:51.653923+09:00
de5235a5-383e-49b8-8ef5-3b4749632ba5,9cce402d-714f-426f-ad0d-3206fa3b8ab7,dcd9dd5d-f988-450e-834a-671effc11fcd,2,기대했는데 별로였어요. 다른 제품 찾아볼게요.,2026-03-11T18:03:09.350764+09:00
d81b9b12-89d1-47a3-9966-d451d11e0a88,a750e1e5-de1f-416a-82e7-800a11af5292,888e09ca-a1af-4d96-8b1a-f089c6d357cf,5,트러블 피부인데 진짜 진정됐어요. 기적의 제품!,2026-02-19T13:26:54.337757+09:00
bc55ebf2-1c20-40f0-8a1f-6b6a111517a6,5c71dd45-30db-4b8f-8291-18e742bc2719,fe2f36a8-af28-42dd-9780-08a30408647a,5,성분이 깨끗해서 안심하고 쓸 수 있어요. 가족 모두 애용 중!,2026-03-24T23:59:59+09:00
79433b5b-fd64-4030-a7e9-25b4439f03be,2d4385e5-9df8-49ff-9c33-bf810272910c,0ffb48e0-d66c-4853-a822-4bac813a5403,2,용량 대비 가격이 좀 비싼 느낌이에요.,2026-03-03T18:40:15.092731+09:00
9b40238f-c9e8-41f5-9d3e-519abff124db,7100a1d9-6ff3-4f64-bab3-093834a3a1eb,b14b8641-d673-4dc6-9f64-cf945c91c0c2,1,냄새가 이상하고 질감도 안 좋아요.,2026-02-03T22:53:37.060407+09:00
20482faf-b489-4e52-ba1c-4f71adc2af40,1af07479-6046-4653-a70e-7fc0b24f04f7,7110ef62-7fa2-444b-b7f3-8c7938bc6bdb,5,사용감이 정말 가볍고 흡수가 빨라요. 강추합니다!,2026-03-16T20:33:48.428871+09:00
4691fffa-ac05-44ea-85d8-d5ded52f141c,fbb2a27d-b2fb-44e0-875a-0bf0abdeb15c,7e1f91b6-4a9c-4338-8bb3-6913d95bac49,4,텍스처가 가벼워서 여름에도 부담 없이 쓸 수 있을 것 같아요.,2026-01-20T21:43:40.341694+09:00
ea2fc850-dffb-4cdd-8dfb-8274dd7a56e3,a6f1f9ea-e663-4125-b551-69f9920c0659,ec705f3e-b67b-4ce9-858e-59ab201b5106,5,촉촉함이 하루 종일 유지돼요. 이 가격에 이 품질이라니!,2025-07-23T20:57:49.841004+09:00
aee63a7f-a0f2-4f52-a804-70623e5eb8e0,2c4ff0c2-f8b2-46e4-b28c-6c735847e06f,e5778131-260d-44cc-812a-bf50537e2e58,4,텍스처가 가벼워서 여름에도 부담 없이 쓸 수 있을 것 같아요.,2025-09-28T13:12:13.970056+09:00
e7fd1da5-d471-4dd4-961d-e1ab0b47e562,b4296b03-917f-47a3-8efb-f753e838b953,924a1c0e-27e5-490f-8d95-46d972f27eac,3,성분은 좋은데 제 피부에는 큰 변화가 없네요.,2026-02-04T18:05:48.630579+09:00
ecf45b67-b7ff-45b6-9560-3b5aa739f6a4,9a5c7ef9-5af8-4e7d-9c8a-3afded1e3089,ec705f3e-b67b-4ce9-858e-59ab201b5106,4,사용감은 좋은데 효과가 나타나기까지 시간이 좀 걸려요.,2026-03-03T15:49:11.975824+09:00
8237c925-8155-42ab-bf50-562e3cd0a61e,ae0a6163-df9e-4001-9df7-a0d629738e81,35abdb91-c3f9-4459-a920-79a1c41ab9dd,5,진짜 인생템 찾았어요! 피부가 완전 달라졌습니다.,2026-01-31T10:37:33.246605+09:00
431d275e-78dc-4446-8709-bd467b702236,b468201e-59f2-4577-a93a-cb7b271e2993,0ffb48e0-d66c-4853-a822-4bac813a5403,3,기대가 커서 그런지 약간 아쉽습니다.,2026-01-21T12:05:05.788908+09:00
d913a1b0-a9f1-4584-9ddf-dfdfd84be4b8,74a34c04-a8cb-41eb-a4cb-2b842c25b489,dc37b3ea-07ab-4524-96e8-5d9e9ad41eef,1,전혀 효과가 없어요. 실망입니다.,2026-01-05T17:02:13.040239+09:00
9c9e2220-eddc-4e2a-bb57-02d2eeb216c2,bc60a3b5-578a-4bc4-b959-a18048acc001,e5778131-260d-44cc-812a-bf50537e2e58,4,향이 살짝 강한 편이지만 효과는 확실해요.,2026-01-07T13:28:14.254125+09:00
db019ea4-4a86-4b21-b896-339c08666159,0fb84957-d6db-48ad-8393-45f32b03dbce,fe2f36a8-af28-42dd-9780-08a30408647a,5,피부 톤이 밝아진 게 눈에 보여요. 대만족!,2025-11-22T08:42:31.904045+09:00
5e908905-6556-4426-a0a6-7c525233f6bd,532d6c00-f238-45d9-b64f-5f6348cde1fd,bd04fecb-cdf3-472e-a600-2249ea446e3c,3,흡수는 잘 되는데 보습 지속력이 좀 부족해요.,2026-03-24T23:59:59+09:00
db9b7e7d-878e-42c0-bdb5-b7ef608c5909,3044b569-f72d-4c8b-9f9a-9d48388b771e,ba41dedf-c188-414d-abc2-8d7c08b312d7,3,기대가 커서 그런지 약간 아쉽습니다.,2026-03-22T10:43:39.397748+09:00
25a56423-9024-4dc7-bf90-700fc4560baa,6d44f7d2-9a5c-493b-8932-d516f70528f7,34dbc802-1b4c-44fa-affe-fcd964c379ad,1,피부에 안 맞아서 트러블이 났어요. 환불 요청합니다.,2026-03-22T13:59:14.804898+09:00
2840d5a5-cd83-4b68-88d5-22c0539f9941,eeff3506-04d3-45d4-83c4-73b55d2fa440,e5778131-260d-44cc-812a-bf50537e2e58,4,향이 살짝 강한 편이지만 효과는 확실해요.,2026-02-02T17:15:39.139139+09:00
cedcd1cb-4671-4454-8c23-7299491a4a58,a3709546-2486-4ece-a0e8-5fd6a052e8b1,188707c9-8cea-49a5-bf9d-6bb36f32e507,2,기대했는데 별로였어요. 다른 제품 찾아볼게요.,2026-02-09T11:28:23.727589+09:00
2eaaa325-694d-454e-9667-a6af826e6485,5c2cb390-c86f-4735-8cc1-6b20e2af6b33,dda0c490-c889-4338-b6d0-34e8ead900a4,5,트러블 피부인데 진짜 진정됐어요. 기적의 제품!,2026-03-17T06:36:47.054817+09:00
d113aa99-2c53-4557-a485-21cdb1e942ca,e69b91d1-8e6e-4ebc-9c83-b7f2bb38c481,04e16a79-0f5a-4c70-9f0a-9a3795cef656,4,피부 진정에 확실히 도움이 돼요. 다만 용량이 조금 적어요.,2026-02-01T15:24:59.442896+09:00
07d7cce9-c152-4adc-859c-ac76e23167c1,914274a8-618f-4ccc-a50d-309b25af042e,7110ef62-7fa2-444b-b7f3-8c7938bc6bdb,4,포장이 꼼꼼하고 제품 자체도 괜찮아요. 무난하게 좋습니다.,2025-12-04T10:23:46.708100+09:00
8d4be8de-126f-4082-9d84-26645e516766,1af2a0d4-ab3e-4e2c-8e64-03037f497b77,121e4cf0-3c17-45f6-aee6-bd9cb999e444,3,흡수는 잘 되는데 보습 지속력이 좀 부족해요.,2026-02-20T17:58:07.518492+09:00
414d7b96-2413-4c12-8dd1-98aa0612dac3,a0b9bd72-1933-4c2f-a6d6-db1e41f68a46,2ed53cc8-bee4-44ca-bc6d-992cf9f7d1b7,5,사용감이 정말 가볍고 흡수가 빨라요. 강추합니다!,2025-10-26T12:17:30.619998+09:00
5ce2bbf6-6463-43b0-8fa0-976a29aba4bb,bc60a3b5-578a-4bc4-b959-a18048acc001,4aa9b57b-9623-4cb1-810b-497d0dd215d1,5,트러블 피부인데 진짜 진정됐어요. 기적의 제품!,2025-12-26T13:28:14.254125+09:00
a4c6a638-14d4-47fd-ac53-0c706e5b12d9,0f4a17aa-ba35-4298-a164-bc4959dc9b95,34dbc802-1b4c-44fa-affe-fcd964c379ad,4,순하고 자극 없이 사용할 수 있어서 좋아요.,2026-02-01T11:57:53.779062+09:00
89ce754c-1554-4a8c-aee1-51f2111ecb7d,c1ba6382-38c3-4158-b8f8-47a88ef81f1b,dc37b3ea-07ab-4524-96e8-5d9e9ad41eef,4,피부 진정에 확실히 도움이 돼요. 다만 용량이 조금 적어요.,2025-10-10T20:48:09.259605+09:00
3b818a16-980e-454a-99f7-0ca3098b89b2,8a64910f-6658-4a11-af2e-1046a9f2fc55,956c8342-4e1d-4714-9de8-824b8d6b447f,4,가격 대비 괜찮은 것 같아요. 재구매 고려 중입니다.,2026-02-24T20:39:31.458624+09:00
8d07220e-77bf-44fb-b67c-40debe8dd054,bde332f2-5a40-48c0-b718-067dd86d1ff6,e364f414-5c33-4d38-b3a5-d69fdb379af7,3,가격에 비해 용량이 좀 적은 것 같아요.,2026-03-26T23:59:59+09:00
fd10c5fa-a96a-4d30-8bb2-39d0b23c2970,e8c054d8-313b-4f5f-84ef-cb1990483a08,888e09ca-a1af-4d96-8b1a-f089c6d357cf,4,사용감은 좋은데 효과가 나타나기까지 시간이 좀 걸려요.,2026-02-06T15:25:03.596792+09:00
b8bfbc39-73d0-44d4-9af2-14c5d06e8b83,088f79dd-c88b-4560-ad74-9e33b73d283b,1692ab85-3c94-493a-bb5b-04c9871912de,2,기대에 미치지 못했어요. 효과가 미미합니다.,2026-03-24T23:59:59+09:00
07f198b7-ac7a-402d-b321-8fd39365527b,55390c25-4628-40c9-881c-94f9e5c4f73d,3fa5b2f1-0288-4752-ad94-380d444fc9ed,4,비건 제품 중에서는 상당히 만족스러운 편이에요.,2026-02-17T17:24:38.625809+09:00
5b5bf067-697e-447f-8c65-1168f3f6bcff,32998352-6397-415e-9f11-706efa24b1a8,e4d2dae0-5b6b-4aee-bb8d-eb8c0bd854a7,5,민감성인데 하나도 안 따갑고 진정 효과 확실해요.,2026-01-12T23:02:54.979882+09:00
cd8700b0-cb9d-4cef-beac-cf2c8da485d7,b6a5a63a-2e1d-4f53-82af-f0e8d2a00a26,d1af1fb3-5895-4b98-8464-46d7c86a67fd,2,제 피부에는 안 맞는 것 같아요. 좀 따가웠어요.,2026-03-25T23:59:59+09:00
b814c2a0-7e67-4000-981a-828cc4b106ba,bd5dba87-9146-4350-a56e-8a41b447131d,924a1c0e-27e5-490f-8d95-46d972f27eac,4,텍스처가 가벼워서 여름에도 부담 없이 쓸 수 있을 것 같아요.,2026-03-17T11:52:41.005038+09:00
5b2c6c63-cd85-48f0-8692-806ed0937a79,4fe46575-1a32-4a22-871b-7357700abf6f,f745b8b4-fc08-40a0-ba13-286b1fbc2a99,4,가격 대비 괜찮은 것 같아요. 재구매 고려 중입니다.,2026-03-07T22:46:17.672796+09:00
30f14933-971a-4d34-b3bf-fd900c635fbb,50a65116-a792-42d3-8d91-4a5b7f8ffabc,f578b710-66b1-4ceb-87cb-887de576a8a9,5,이 가격에 이 성분 구성이면 가성비 최고입니다.,2026-03-25T19:51:01.587989+09:00
f8b54832-c235-4f6b-8a30-bad9a818883a,5966e0a4-11c6-463f-8dec-819f24e02825,875a1387-7bdd-4fb0-854c-c4f1f41f84f5,5,피부 톤이 밝아진 게 눈에 보여요. 대만족!,2026-03-29T23:59:59+09:00
1de9d84d-b46b-4446-b61a-ffad0602d18f,40cea1c4-fca6-47ab-a62e-914c5897ca46,f0694b21-9373-4e61-90e3-ed66ad4bcdf9,5,진짜 인생템 찾았어요! 피부가 완전 달라졌습니다.,2026-01-21T00:55:01.710276+09:00
13941af0-d467-4017-b232-02fdfd38779f,461577c6-4966-461d-8829-e6efa2a27977,7e1f91b6-4a9c-4338-8bb3-6913d95bac49,4,비건 제품 중에서는 상당히 만족스러운 편이에요.,2026-03-28T16:26:00.995182+09:00
9e881472-1e9e-474a-a68e-134b26f9fdca,a3c1b713-bea1-4f2c-a087-a3053b4aeb76,4aa9b57b-9623-4cb1-810b-497d0dd215d1,2,기대에 미치지 못했어요. 효과가 미미합니다.,2026-03-22T21:12:44.966944+09:00
ff42e84f-8479-415c-92d4-c90e2fe2e251,b8efe161-73ed-485d-a188-93299b71d4b5,e4d2dae0-5b6b-4aee-bb8d-eb8c0bd854a7,3,나쁘진 않은데 재구매까지는 모르겠어요.,2025-09-15T23:57:45.366236+09:00
01566cf6-f49f-42af-85d7-c2f36b9c9497,3387898b-9b68-4d50-85b5-af09423b6e51,bd04fecb-cdf3-472e-a600-2249ea446e3c,5,촉촉함이 하루 종일 유지돼요. 이 가격에 이 품질이라니!,2025-10-14T12:01:28.942841+09:00
ac2fa409-b777-44dd-8952-23bb82008367,a723f6ef-9d69-4375-8218-b84e0cda4c44,f745b8b4-fc08-40a0-ba13-286b1fbc2a99,5,쓰면 쓸수록 피부가 좋아지는 느낌이에요. 꾸준히 쓸게요.,2025-10-26T10:39:26.325498+09:00
4d25f8c7-1109-4aa3-a65f-85c8b7831fc1,d480ffbd-8447-497a-9846-9d53d7928f93,888e09ca-a1af-4d96-8b1a-f089c6d357cf,4,전반적으로 만족합니다. 보습력이 좋아요.,2026-02-19T18:31:27.985035+09:00
b5b1a6dc-4ed5-4ccd-b491-9f52582a3df5,e5e51aab-8036-42d5-bda1-1fa6cd9540a8,34dbc802-1b4c-44fa-affe-fcd964c379ad,4,기대했던 것만큼은 아니지만 꽤 괜찮은 제품이에요.,2025-10-31T11:58:08.098790+09:00
3c7f7f13-f330-4907-b2bd-5f7daabd9ccf,7b1d07d8-3131-4daf-b260-9aea41060a5e,bd04fecb-cdf3-472e-a600-2249ea446e3c,5,촉촉함이 하루 종일 유지돼요. 이 가격에 이 품질이라니!,2026-03-15T17:36:41.644691+09:00
dc5eaa54-7171-4623-a2b0-667d98f72932,823afb4b-3c90-4dfe-97f1-7bb8b883676d,7110ef62-7fa2-444b-b7f3-8c7938bc6bdb,5,트러블 피부인데 진짜 진정됐어요. 기적의 제품!,2026-03-28T23:59:59+09:00
75250bbe-ddc2-4f80-a282-93fe38db0b03,58d95f62-a48c-4fe1-89df-4330103d16c4,25b49a34-5a45-4171-9b74-7a29bc2852ce,5,예민한 피부에도 자극 없이 순해요. 비건 인증이라 더 믿음이 가요.,2026-02-25T23:16:39.035356+09:00
e8f7d96c-6359-4452-abb2-79c4934e1d4d,ffcd6f6a-a11e-46ee-be17-26fc248f06b8,9b487ffb-d090-4b09-be91-da480d044aca,3,성분은 좋은데 제 피부에는 큰 변화가 없네요.,2025-10-23T23:27:37.930153+09:00
104fbb03-26d2-4352-9c6b-235afb595f81,87d5b930-060a-45e0-9914-5737e2aab823,121e4cf0-3c17-45f6-aee6-bd9cb999e444,3,나쁘진 않은데 재구매까지는 모르겠어요.,2025-11-24T22:28:59.027890+09:00
afc4bb98-07ad-4eec-a993-f01f55155c34,fdf625b0-79a8-4465-a1a2-d3e4cd0f7e0a,bd04fecb-cdf3-472e-a600-2249ea446e3c,4,순하고 자극 없이 사용할 수 있어서 좋아요.,2026-02-10T23:34:13.778964+09:00
760f264e-f2d0-467b-8ab8-612599ae9821,acc4aa5c-c924-4cb1-8fc3-13975289dedc,0ffb48e0-d66c-4853-a822-4bac813a5403,5,세안 후 당김 없이 촉촉하고 피부결이 매끈해졌어요.,2026-03-17T18:15:16.435032+09:00
356835e1-2d06-4625-b9d6-13dc95561505,deebe74d-26da-4c46-8faa-9f938d26d102,0ffb48e0-d66c-4853-a822-4bac813a5403,3,성분은 좋은데 제 피부에는 큰 변화가 없네요.,2026-03-10T12:32:15.718154+09:00
10bb093a-7317-405c-8cdc-78c5d4f1159e,f1ce3994-042e-474f-95fa-5ac044d4b7bb,3fa5b2f1-0288-4752-ad94-380d444fc9ed,4,순하고 자극 없이 사용할 수 있어서 좋아요.,2025-11-21T20:06:54.122016+09:00
3fb913a5-4b98-4272-9109-a73ac67ffcbe,6bbce985-ea3d-410f-8226-f383b173430a,7e1f91b6-4a9c-4338-8bb3-6913d95bac49,2,용량 대비 가격이 좀 비싼 느낌이에요.,2025-12-26T23:40:02.265830+09:00
a084ea69-913b-496d-9963-f26153a62a01,0449384b-a666-4c6b-a48b-8412780c87f9,dcd9dd5d-f988-450e-834a-671effc11fcd,4,기대했던 것만큼은 아니지만 꽤 괜찮은 제품이에요.,2026-03-23T17:38:01.026989+09:00
ca952c94-1449-4be9-ae9c-6bd54acb819c,af5325b1-56d7-4c27-8a68-0b3cad73749e,d2ba5453-1ab8-49df-9667-cc9e7cf0426b,5,성분이 깨끗해서 안심하고 쓸 수 있어요. 가족 모두 애용 중!,2026-03-27T23:59:59+09:00
3fc31fdf-158b-47a9-a3cb-e34d56d77031,15a75dfc-5744-41e4-8256-a145659c53d6,188707c9-8cea-49a5-bf9d-6bb36f32e507,4,피부 진정에 확실히 도움이 돼요. 다만 용량이 조금 적어요.,2026-03-29T22:15:04.033898+09:00
d5cc0693-094a-4098-bcbb-87e0240bdfb5,140f0cf7-a3ff-42c5-8c09-63bd76b04f99,34dbc802-1b4c-44fa-affe-fcd964c379ad,1,배송은 빨랐지만 제품이 기대 이하예요.,2026-01-21T10:56:52.382732+09:00
36818382-516b-4c78-89e1-a9a4753207ee,b0a1196f-3880-4915-ae5a-b67be479856a,7e1f91b6-4a9c-4338-8bb3-6913d95bac49,5,사용감이 정말 가볍고 흡수가 빨라요. 강추합니다!,2026-01-28T13:18:10.940523+09:00
431335a8-e9be-409c-a642-470116b08c05,d9e5a6ff-fcdd-46c1-ab13-ee8dd2b863ea,9b487ffb-d090-4b09-be91-da480d044aca,5,향도 은은하고 발림성도 최고예요. 재구매 확정!,2025-11-06T21:40:38.107259+09:00
23b935af-5aef-48c2-bde0-4c72b344a348,c1ba6382-38c3-4158-b8f8-47a88ef81f1b,f578b710-66b1-4ceb-87cb-887de576a8a9,3,나쁘진 않은데 재구매까지는 모르겠어요.,2025-12-16T11:39:58.313856+09:00
384e45bb-2da8-496b-b41e-8e82a591d761,53cbbc32-fd45-488d-ad20-d7b1369f60e4,7e1f91b6-4a9c-4338-8bb3-6913d95bac49,5,비건 화장품이라 성분 걱정 없이 쓸 수 있어서 너무 좋아요.,2026-01-30T13:02:55.345831+09:00
2e32778c-78f2-420c-a466-fb106b26bf39,2988d32e-c98c-4036-bbc2-cd4c660d5888,d1af1fb3-5895-4b98-8464-46d7c86a67fd,3,보통이에요. 특별히 좋지도 나쁘지도 않아요.,2026-01-04T19:19:59.278416+09:00
e15a03b5-126d-4a6b-bda9-709a9435ec97,b80923e0-b683-4163-a890-7a4ec4bfd259,b14b8641-d673-4dc6-9f64-cf945c91c0c2,4,전반적으로 만족합니다. 보습력이 좋아요.,2026-03-30T23:59:59+09:00
280d3f98-5bff-4c99-b867-8852446b6e1b,bc60a3b5-578a-4bc4-b959-a18048acc001,dc37b3ea-07ab-4524-96e8-5d9e9ad41eef,5,이 가격에 이 성분 구성이면 가성비 최고입니다.,2026-03-29T23:59:59+09:00
d50df58e-3da8-47cf-82d6-1e86eded1a0e,c1ba6382-38c3-4158-b8f8-47a88ef81f1b,d1af1fb3-5895-4b98-8464-46d7c86a67fd,4,포장이 꼼꼼하고 제품 자체도 괜찮아요. 무난하게 좋습니다.,2025-10-20T11:16:08.214715+09:00
ed9d58e3-b609-4907-95e0-d5d09d1e0d98,caf9f05a-a96d-4e22-a74e-77f80a269b99,f0694b21-9373-4e61-90e3-ed66ad4bcdf9,4,비건 제품 중에서는 상당히 만족스러운 편이에요.,2026-03-30T23:59:59+09:00
49cc8e1f-7f54-4c9a-b347-dc2efa0c3f3b,512033bc-aa6c-43a2-b951-d53bf28c503f,2ed53cc8-bee4-44ca-bc6d-992cf9f7d1b7,4,기대했던 것만큼은 아니지만 꽤 괜찮은 제품이에요.,2025-11-07T19:48:36.867346+09:00
52761637-17d4-46c8-ae51-40dfefb41c80,46867cde-ed4e-44e5-93c9-0e3f14836721,34dbc802-1b4c-44fa-affe-fcd964c379ad,2,발림성은 괜찮은데 흡수가 너무 느려요.,2026-03-29T23:59:59+09:00
49a83965-abbb-4671-b56d-9b90466e9bb3,fe33f2cf-dbf6-4e12-b013-683e086f47e1,188707c9-8cea-49a5-bf9d-6bb36f32e507,2,제 피부에는 안 맞는 것 같아요. 좀 따가웠어요.,2025-11-25T22:24:18.889216+09:00
a23f8baa-9079-472f-abeb-f3610393178d,f3a2c621-bafc-417c-baaa-3483530f633b,013d895b-0005-4a06-93a6-0b36f446a0fe,4,기대했던 것만큼은 아니지만 꽤 괜찮은 제품이에요.,2026-03-27T23:59:59+09:00
b7e52b92-afcd-4787-aa8b-398db3174b7e,201f177a-732d-4307-acee-b660e2852142,25b49a34-5a45-4171-9b74-7a29bc2852ce,4,피부 진정에 확실히 도움이 돼요. 다만 용량이 조금 적어요.,2026-01-30T07:32:51.525285+09:00
3621e496-6d4a-498f-a78a-2e6413916b42,bd5dba87-9146-4350-a56e-8a41b447131d,188707c9-8cea-49a5-bf9d-6bb36f32e507,2,발림성은 괜찮은데 흡수가 너무 느려요.,2026-02-01T10:04:16.649079+09:00
2452a85a-d19d-4b48-a6aa-f5e89eda99da,9f43a8ef-2444-4714-b99d-c11f028cad60,ec705f3e-b67b-4ce9-858e-59ab201b5106,2,발림성은 괜찮은데 흡수가 너무 느려요.,2025-10-01T21:58:34.476102+09:00
1c5718cc-8ead-4e93-b4db-1d36deae29e4,89bac532-6a77-44f5-975d-a5140765a938,e4d2dae0-5b6b-4aee-bb8d-eb8c0bd854a7,4,기대했던 것만큼은 아니지만 꽤 괜찮은 제품이에요.,2026-03-01T20:32:58.884011+09:00
6cdc7ae6-5f72-4670-800b-1d6570dd54e5,72c90d73-7d40-48b0-922d-8a7deacf90a3,f0694b21-9373-4e61-90e3-ed66ad4bcdf9,5,쓰면 쓸수록 피부가 좋아지는 느낌이에요. 꾸준히 쓸게요.,2026-03-28T23:00:41.896758+09:00
1c3aeb09-3d23-43b1-834a-69f064d859ac,7040eee4-5a17-4da3-ac87-a928854a556f,f578b710-66b1-4ceb-87cb-887de576a8a9,2,향이 너무 강해서 호불호가 갈릴 것 같아요.,2026-02-08T21:10:37.197570+09:00
99d5c633-27c2-4a6d-8d28-9c396e79608f,081aa7f2-0316-4385-86ec-ea4cc28d381b,e364f414-5c33-4d38-b3a5-d69fdb379af7,4,향이 살짝 강한 편이지만 효과는 확실해요.,2025-12-19T05:42:25.756739+09:00
f2568976-5e9b-4b56-bcf6-a9c9d64f6297,3d57eeb7-b1e0-4dd6-8f0b-e0e6f4f9d5dc,63beffb6-3600-436c-9b36-ab5f0632b76f,5,쓰면 쓸수록 피부가 좋아지는 느낌이에요. 꾸준히 쓸게요.,2026-02-11T18:09:41.716168+09:00
0e4659fc-e85a-4689-a9c5-b7f97f6bb21a,9d8894ff-35a3-4e97-91e4-681d3803962b,9b487ffb-d090-4b09-be91-da480d044aca,3,효과를 잘 모르겠어요. 좀 더 써봐야 할 것 같아요.,2026-03-30T23:59:59+09:00
ea4f4fd4-5729-4d1f-9610-b92a4a95c071,1d14955b-e762-4a6e-bf74-11a8c28b5104,d2000bbb-1809-4ad2-97c4-0c845ed663a1,5,트러블 피부인데 진짜 진정됐어요. 기적의 제품!,2025-10-14T21:10:43.787657+09:00
8e2fb59d-f860-4cdd-8ecb-daa9df4284cb,c263e566-e15b-40f5-996b-61b20e27f710,e4d2dae0-5b6b-4aee-bb8d-eb8c0bd854a7,4,전반적으로 만족합니다. 보습력이 좋아요.,2026-01-14T20:20:09.843200+09:00
e80a7310-71d7-43d2-b22f-5c8fa62006e7,79471958-b0b2-4cd1-857b-79340bac9b14,da6bbd5d-70d6-4b3e-8e38-06205bab0afb,5,비건 화장품이라 성분 걱정 없이 쓸 수 있어서 너무 좋아요.,2026-03-26T23:59:59+09:00
4415c334-972d-47a2-8eea-ccb1dde89b76,992d25ad-d5f5-41aa-b5fc-73d67202516d,cdf24446-7969-47e4-9efe-ba05aa57a067,2,용량 대비 가격이 좀 비싼 느낌이에요.,2026-02-16T10:53:37.201592+09:00
6f41611d-5f7c-498e-a3fa-350ba6393a74,acc4aa5c-c924-4cb1-8fc3-13975289dedc,875a1387-7bdd-4fb0-854c-c4f1f41f84f5,4,향이 살짝 강한 편이지만 효과는 확실해요.,2026-03-10T18:15:16.435032+09:00
2beb7536-6c81-4e26-9a34-482fb1468b8b,89bac532-6a77-44f5-975d-a5140765a938,7e1f91b6-4a9c-4338-8bb3-6913d95bac49,3,기대가 커서 그런지 약간 아쉽습니다.,2025-10-22T18:32:58.501799+09:00
c41c8789-3c2c-4d6b-a366-a4bbf3474920,e412efd7-215a-4517-9a6d-73d51aef56ad,3359baa5-d5ae-472b-a598-7de8610b8fe3,4,텍스처가 가벼워서 여름에도 부담 없이 쓸 수 있을 것 같아요.,2026-01-11T13:06:47.932303+09:00
aa3d60a1-49cc-4773-9b89-ec4ca85dc506,3439cefa-ce71-4f30-a68b-7999ac2984b5,25b49a34-5a45-4171-9b74-7a29bc2852ce,5,민감성인데 하나도 안 따갑고 진정 효과 확실해요.,2026-03-08T11:22:07.668526+09:00
c1190f9e-6133-42ba-a498-d58b79c36649,80f901bc-5e72-4686-9152-99fbec6dd21a,121e4cf0-3c17-45f6-aee6-bd9cb999e444,5,예민한 피부에도 자극 없이 순해요. 비건 인증이라 더 믿음이 가요.,2025-11-17T02:49:21.175567+09:00
224229af-2a69-4aed-9201-6ea7f25b5c0e,c6f3df3e-8e6b-44d0-99b9-5889fc4d33b2,289389a7-e95d-417f-afaf-b1de6fb588db,4,가격 대비 괜찮은 것 같아요. 재구매 고려 중입니다.,2026-03-30T23:59:59+09:00
787b19da-eb9a-4171-a7f1-ef2416a440c5,a3c1b713-bea1-4f2c-a087-a3053b4aeb76,dc1302e9-d407-45bb-82a3-aef9b723587f,5,비건 화장품이라 성분 걱정 없이 쓸 수 있어서 너무 좋아요.,2026-03-18T10:30:25.996819+09:00
f4ef1fd8-f629-40c5-ba93-98666dee6869,e55f8859-a5d6-4189-b9e6-09600e55d2ba,198dd8f4-a3c9-4870-afa4-ea27557b9681,3,가격에 비해 용량이 좀 적은 것 같아요.,2026-02-13T01:41:58.677443+09:00
e7f98b4b-9108-46ea-9b2f-40b30c34c496,2d2f5aad-26df-46a2-9535-c5a9bd8d45c1,3fa5b2f1-0288-4752-ad94-380d444fc9ed,5,피부 톤이 밝아진 게 눈에 보여요. 대만족!,2026-03-27T23:59:59+09:00
791aec25-9c60-4c96-afc3-54f71f80858e,c1ba6382-38c3-4158-b8f8-47a88ef81f1b,d2ba5453-1ab8-49df-9667-cc9e7cf0426b,4,전반적으로 만족합니다. 보습력이 좋아요.,2026-03-29T23:59:59+09:00
76921018-1093-4ea0-9855-f6cafd623dbc,0e97b6ac-19f1-411b-b307-e5aac1995903,3359baa5-d5ae-472b-a598-7de8610b8fe3,3,기대가 커서 그런지 약간 아쉽습니다.,2026-03-29T23:59:59+09:00
0f589414-e9f0-4e6c-a8b6-cad6ca1da8b8,7100a1d9-6ff3-4f64-bab3-093834a3a1eb,956c8342-4e1d-4714-9de8-824b8d6b447f,5,"패키지도 예쁘고 제품력도 좋고, 루나 팬이 됐어요.",2025-11-12T20:25:39.998830+09:00
e5985e78-ed6d-4cfd-8666-6e600607e39d,b8efe161-73ed-485d-a188-93299b71d4b5,d2ba5453-1ab8-49df-9667-cc9e7cf0426b,5,사용감이 정말 가볍고 흡수가 빨라요. 강추합니다!,2026-03-11T21:23:55.857749+09:00
b185e970-0e64-4228-af2e-7882f78f2004,63ea6140-67bc-4686-b075-8c2769c046f3,b2670e53-07e3-47cc-819c-86d9e989698b,3,보통이에요. 특별히 좋지도 나쁘지도 않아요.,2025-09-15T20:23:09.362155+09:00
35f78dde-e221-4935-98d5-098a95d363ea,0949c123-0363-4d21-b631-2b2ac99428d9,d2ba5453-1ab8-49df-9667-cc9e7cf0426b,2,기대했는데 별로였어요. 다른 제품 찾아볼게요.,2026-02-01T10:22:18.160958+09:00
00e238a0-af15-40a4-bb05-9ccf33ad0725,4f879839-475f-4930-8365-544a441849c7,67feff16-a1a5-45cd-9b11-0ffd7cf1ba5d,2,향이 너무 강해서 호불호가 갈릴 것 같아요.,2026-03-14T17:17:16.095821+09:00
b19198a7-f5f5-4b0f-95a4-d56cdef72be7,fae8a027-2b17-419f-a569-d0ce209c6e01,e5778131-260d-44cc-812a-bf50537e2e58,4,텍스처가 가벼워서 여름에도 부담 없이 쓸 수 있을 것 같아요.,2026-02-11T20:11:26.258609+09:00
29fcb861-7329-4c54-8709-e3701b627aff,1bb62757-6ec8-4f1f-a3db-6fcb5f4606a1,63beffb6-3600-436c-9b36-ab5f0632b76f,3,효과를 잘 모르겠어요. 좀 더 써봐야 할 것 같아요.,2026-03-28T23:59:59+09:00
08488672-5f5b-47f7-806d-7b47398240c7,402b29a2-9808-4a1a-b813-1d6b025c00af,188707c9-8cea-49a5-bf9d-6bb36f32e507,5,사용감이 정말 가볍고 흡수가 빨라요. 강추합니다!,2026-03-13T16:06:11.287254+09:00
e7bedb88-caa9-4de6-92f2-9a4e96632797,79007a5f-6143-42cc-984c-45d1ceecbb1d,f578b710-66b1-4ceb-87cb-887de576a8a9,5,이 가격에 이 성분 구성이면 가성비 최고입니다.,2026-03-26T23:59:59+09:00
1d102802-4217-4c00-b3b1-7c456c5b6980,fdf625b0-79a8-4465-a1a2-d3e4cd0f7e0a,04e16a79-0f5a-4c70-9f0a-9a3795cef656,3,효과를 잘 모르겠어요. 좀 더 써봐야 할 것 같아요.,2026-02-02T12:30:36.454547+09:00
ee7a2203-e5a3-4c0b-b989-2704155f1c97,81ede59e-5231-4f5a-9820-467a331bf6ca,25b49a34-5a45-4171-9b74-7a29bc2852ce,4,텍스처가 가벼워서 여름에도 부담 없이 쓸 수 있을 것 같아요.,2026-03-24T23:59:59+09:00
6a00d5f2-c2c7-49fc-9665-1881456d7e85,b0f23575-e916-456d-b7fe-8d17decfe609,a1beead0-c2af-4306-950a-3ac7c25b5200,3,무난한 제품이에요. 엄청 좋다는 느낌은 아니에요.,2025-11-29T09:38:14.213876+09:00
69830ccc-5b14-4dc5-a870-a9e155015706,fdc910df-1cf8-40fc-bc6a-6e06ebdeba47,67feff16-a1a5-45cd-9b11-0ffd7cf1ba5d,3,흡수는 잘 되는데 보습 지속력이 좀 부족해요.,2026-03-26T23:59:59+09:00
8431bca3-eee5-444c-b88b-eea2a2a8a3ad,8fe75876-83e2-4cf5-a624-a58c5b3c9d19,888e09ca-a1af-4d96-8b1a-f089c6d357cf,2,향이 너무 강해서 호불호가 갈릴 것 같아요.,2026-03-28T23:59:59+09:00
aebd6516-31f2-495e-8505-17bcdf2c83d3,3387898b-9b68-4d50-85b5-af09423b6e51,a1beead0-c2af-4306-950a-3ac7c25b5200,5,향도 은은하고 발림성도 최고예요. 재구매 확정!,2025-09-28T15:42:17.400730+09:00
5cc36803-fe1a-4f9d-ad7f-8efdc89fcade,8b1a3418-7cd9-41a4-b8c3-04390fbe737b,9b487ffb-d090-4b09-be91-da480d044aca,4,포장이 꼼꼼하고 제품 자체도 괜찮아요. 무난하게 좋습니다.,2026-02-01T20:40:48.848845+09:00
d84f1a65-f07a-486f-839b-d8bdffcdeb9e,56ac3e3e-6889-44e1-91fc-6ce0ba0156e4,121e4cf0-3c17-45f6-aee6-bd9cb999e444,4,비건 제품 중에서는 상당히 만족스러운 편이에요.,2026-01-09T17:29:18.162464+09:00
d463eb88-5286-4ddf-9be1-19cccfbacb8d,8358e297-a857-4475-9d96-ce5782b0f9ca,0ffb48e0-d66c-4853-a822-4bac813a5403,3,무난한 제품이에요. 엄청 좋다는 느낌은 아니에요.,2026-03-22T13:14:12.929356+09:00
f7f02d7e-077f-4104-953f-c699f0fd62f0,ee83f04f-0beb-4b79-b3b0-b5b6c5523ec2,da6bbd5d-70d6-4b3e-8e38-06205bab0afb,5,쓰면 쓸수록 피부가 좋아지는 느낌이에요. 꾸준히 쓸게요.,2026-03-29T23:59:59+09:00
f458eda0-d984-42ff-9b13-78abd78e6188,0f4a8005-5275-418a-955f-ab56f176998d,72036044-0715-4f89-9287-9a0779c5b2fb,3,성분은 좋은데 제 피부에는 큰 변화가 없네요.,2026-02-26T12:36:44.488115+09:00
289d20d9-f195-4575-ad5b-a9addb97b7eb,89dbafb4-38e9-4d23-bce9-5c0cf92f7dd3,e364f414-5c33-4d38-b3a5-d69fdb379af7,5,트러블 피부인데 진짜 진정됐어요. 기적의 제품!,2025-07-07T20:04:19.535773+09:00
a703ad25-3bca-4c34-ac37-7fd12ab0dd60,512033bc-aa6c-43a2-b951-d53bf28c503f,bd04fecb-cdf3-472e-a600-2249ea446e3c,5,향도 은은하고 발림성도 최고예요. 재구매 확정!,2026-02-04T16:36:55.193373+09:00
aeb87017-1cd1-4999-a25f-2b4fe050e73b,f9040546-882e-49cb-be62-779a6ef70e14,dda0c490-c889-4338-b6d0-34e8ead900a4,5,세안 후 당김 없이 촉촉하고 피부결이 매끈해졌어요.,2026-01-19T11:23:43.205638+09:00
626ab1e9-ad8e-4470-883b-2f65e309a550,cd60ba68-91fd-4a33-b9d2-337a28f5c612,dcd9dd5d-f988-450e-834a-671effc11fcd,4,비건 제품 중에서는 상당히 만족스러운 편이에요.,2026-03-28T20:01:12.918456+09:00
f647e1c4-c280-4088-ad56-bcf0cb5d842d,f978524e-039d-42f4-9b25-69f378e7913e,d2ba5453-1ab8-49df-9667-cc9e7cf0426b,3,성분은 좋은데 제 피부에는 큰 변화가 없네요.,2025-10-21T15:46:12.771630+09:00
48ff34b7-3dcb-4c8a-973d-368662663441,579fd33c-36c0-4cee-84d8-d4326701cc73,2573cc11-d794-4e9c-97ed-f570513cc175,2,기대했는데 별로였어요. 다른 제품 찾아볼게요.,2026-02-18T18:00:33.601350+09:00
4ca07b5b-bd3e-4fcb-959f-6525292172c4,452ca4c3-b045-4d68-95a7-bceef0beb7cd,1692ab85-3c94-493a-bb5b-04c9871912de,5,"패키지도 예쁘고 제품력도 좋고, 루나 팬이 됐어요.",2026-02-05T17:03:23.999264+09:00
54f1dc1b-17f4-4687-a227-687664d873a5,1253228e-4cf2-46a8-936c-637081c87d48,04e16a79-0f5a-4c70-9f0a-9a3795cef656,4,순하고 자극 없이 사용할 수 있어서 좋아요.,2026-03-30T23:59:59+09:00
c08183a5-970f-42e9-9e29-2ab2b4b7d2e3,c80aa3d4-da30-4612-9233-8b03cd63d558,888e09ca-a1af-4d96-8b1a-f089c6d357cf,4,기대했던 것만큼은 아니지만 꽤 괜찮은 제품이에요.,2025-11-19T19:01:03.032684+09:00
1e8bed89-0715-4ead-ae8a-678d594bd301,ab146a36-a8e0-428f-8b96-7f4767e41f2c,e364f414-5c33-4d38-b3a5-d69fdb379af7,5,성분이 깨끗해서 안심하고 쓸 수 있어요. 가족 모두 애용 중!,2026-03-26T23:59:59+09:00
81adf35b-69bb-4f26-a4ba-1f58fb960ab5,d0b4578d-ab9e-49cb-8285-1b76b9119cae,2573cc11-d794-4e9c-97ed-f570513cc175,4,기대했던 것만큼은 아니지만 꽤 괜찮은 제품이에요.,2025-12-31T08:24:43.303548+09:00
b418e824-1eed-454c-81f3-2c68c5b2df4b,86cad043-e7e9-44cf-b3bd-4055333cc8f0,3811802f-a6b8-46c0-a73e-a094bcb4f118,4,가격 대비 괜찮은 것 같아요. 재구매 고려 중입니다.,2026-02-09T19:33:45.367980+09:00
1b125aec-e38a-457a-84e1-039946637246,1c50889f-b200-411f-8df0-881cccff3bbe,d2000bbb-1809-4ad2-97c4-0c845ed663a1,5,민감성인데 하나도 안 따갑고 진정 효과 확실해요.,2025-09-07T22:55:46.183035+09:00
49aaf832-e06b-457c-ab8f-703ba91bc75b,c70ead45-abcb-40ee-b7be-24e504c5eea7,d3db3622-844e-4a2e-9b2d-2f9b365cbdc2,5,성분이 깨끗해서 안심하고 쓸 수 있어요. 가족 모두 애용 중!,2026-03-29T23:59:59+09:00
7dcdbd5c-46c4-48b5-afde-19fe714ea633,2acbcf36-993c-4e66-9773-2e476966d23b,e4d2dae0-5b6b-4aee-bb8d-eb8c0bd854a7,5,쓰면 쓸수록 피부가 좋아지는 느낌이에요. 꾸준히 쓸게요.,2026-02-14T19:31:13.042140+09:00
1e5ec2b2-4780-44a8-8575-5aabf1ed3d69,e2043440-2d0b-44ef-9e05-678a9e7c14e9,4aa9b57b-9623-4cb1-810b-497d0dd215d1,5,촉촉함이 하루 종일 유지돼요. 이 가격에 이 품질이라니!,2026-01-03T19:04:46.037749+09:00
6acd4cd1-2504-4714-aff8-7fb23bc70449,c263e566-e15b-40f5-996b-61b20e27f710,f578b710-66b1-4ceb-87cb-887de576a8a9,5,진짜 인생템 찾았어요! 피부가 완전 달라졌습니다.,2026-01-21T19:24:49.057286+09:00
b3382351-41ad-42e2-a38a-31cc26f3e9ba,78701065-c8d9-4969-92f2-5641d50f3a70,888e09ca-a1af-4d96-8b1a-f089c6d357cf,5,촉촉함이 하루 종일 유지돼요. 이 가격에 이 품질이라니!,2025-10-27T00:03:50.047406+09:00
36ed4581-9d27-4f12-8689-cfcebbe027f9,2440a2d4-98bd-4e8a-98d5-faeed8d401cc,bd04fecb-cdf3-472e-a600-2249ea446e3c,2,제 피부에는 안 맞는 것 같아요. 좀 따가웠어요.,2025-10-02T18:33:37.650034+09:00
7c710311-9bcb-45dc-a203-1f9d5a860385,aef784a3-286c-4a5d-a4ac-389039bcb968,04e16a79-0f5a-4c70-9f0a-9a3795cef656,3,기대가 커서 그런지 약간 아쉽습니다.,2026-03-28T23:59:59+09:00
8a7af29c-caf6-4b2d-b2ae-201d2408ac22,5dfc7e89-7647-41b9-adfc-fad296327181,04e16a79-0f5a-4c70-9f0a-9a3795cef656,4,사용감은 좋은데 효과가 나타나기까지 시간이 좀 걸려요.,2026-01-28T07:22:27.149040+09:00
11768945-f87c-4aee-b414-ae6b920b5267,623e561b-9677-4f1e-9908-f11c8cb2481b,d3db3622-844e-4a2e-9b2d-2f9b365cbdc2,5,사용감이 정말 가볍고 흡수가 빨라요. 강추합니다!,2026-03-31T21:28:24.865651+09:00
ebb14933-7951-45f7-a595-293e6ee27be0,f1ce3994-042e-474f-95fa-5ac044d4b7bb,198dd8f4-a3c9-4870-afa4-ea27557b9681,5,트러블 피부인데 진짜 진정됐어요. 기적의 제품!,2025-11-18T21:10:59.547518+09:00
d499793b-5a53-4f44-bb9b-3f16705b6541,1ea930a3-2d70-4ddf-b247-01318e4b7c6e,289389a7-e95d-417f-afaf-b1de6fb588db,4,피부 진정에 확실히 도움이 돼요. 다만 용량이 조금 적어요.,2026-02-15T23:46:01.366886+09:00
7e95b2e2-a7af-4b41-8f77-e63e0ed76f77,15a75dfc-5744-41e4-8256-a145659c53d6,0ffb48e0-d66c-4853-a822-4bac813a5403,5,비건 화장품이라 성분 걱정 없이 쓸 수 있어서 너무 좋아요.,2025-07-07T19:06:10.360805+09:00
dc0275ab-dd79-46a5-b4f5-681145fd7534,6f987cd9-c240-440b-be16-fbb6907918b3,34dbc802-1b4c-44fa-affe-fcd964c379ad,4,가격 대비 괜찮은 것 같아요. 재구매 고려 중입니다.,2025-10-05T23:45:16.710756+09:00
78ba0fd8-a9a6-4463-83d5-a2b3e86439cf,89dbafb4-38e9-4d23-bce9-5c0cf92f7dd3,da6bbd5d-70d6-4b3e-8e38-06205bab0afb,5,향도 은은하고 발림성도 최고예요. 재구매 확정!,2026-03-29T15:35:34.971221+09:00
f387e11c-d850-4df9-b47f-a353bd985657,eb77e142-c95e-49ba-8030-e6e9376e9e0f,7110ef62-7fa2-444b-b7f3-8c7938bc6bdb,4,비건 제품 중에서는 상당히 만족스러운 편이에요.,2026-03-26T23:59:59+09:00
83800710-16d5-446e-b6db-d64a81a9ba2b,cd60ba68-91fd-4a33-b9d2-337a28f5c612,04e16a79-0f5a-4c70-9f0a-9a3795cef656,3,보통이에요. 특별히 좋지도 나쁘지도 않아요.,2026-03-29T23:59:59+09:00
a4115f63-7c90-406d-b4bb-a330c5f2d6b1,f030f8c9-ade2-4fa2-9342-414aac9ef894,fe2f36a8-af28-42dd-9780-08a30408647a,2,발림성은 괜찮은데 흡수가 너무 느려요.,2026-03-24T23:59:59+09:00
87aa2f59-5ef3-44ae-821a-5035c399462e,9307a491-04b7-473d-bfe2-d038845ceb37,f0694b21-9373-4e61-90e3-ed66ad4bcdf9,1,피부에 안 맞아서 트러블이 났어요. 환불 요청합니다.,2026-03-29T23:59:59+09:00
ca9303fc-9156-419f-b099-bd9708c071b1,10cda2fe-c7b8-4b11-a83c-5405bc50c54e,1692ab85-3c94-493a-bb5b-04c9871912de,5,예민한 피부에도 자극 없이 순해요. 비건 인증이라 더 믿음이 가요.,2026-03-08T22:04:28.522209+09:00
157efc8d-7c2b-43df-959c-5c24ad0dd158,ea4f089a-40ca-436a-abc8-bb860d284580,fe2f36a8-af28-42dd-9780-08a30408647a,4,텍스처가 가벼워서 여름에도 부담 없이 쓸 수 있을 것 같아요.,2025-11-19T21:24:31.816348+09:00
1385bff5-9aa7-4a82-88fc-5a6eb473873e,b9924c64-fdbe-47b3-addf-d49a94d3cf56,924a1c0e-27e5-490f-8d95-46d972f27eac,5,촉촉함이 하루 종일 유지돼요. 이 가격에 이 품질이라니!,2026-01-19T23:03:33.866211+09:00
51b22b6c-e724-4205-bde3-084075db34c6,f3995926-1a6c-49ec-98bb-23b6b64d9b2a,34dbc802-1b4c-44fa-affe-fcd964c379ad,4,순하고 자극 없이 사용할 수 있어서 좋아요.,2026-03-14T12:51:28.191701+09:00
60a34be8-d17b-439d-9afc-f1ebd367332d,c7f3e9b6-f32b-42db-9601-fe0cb79d10e7,ec705f3e-b67b-4ce9-858e-59ab201b5106,1,배송은 빨랐지만 제품이 기대 이하예요.,2026-03-30T23:59:59+09:00
83c95973-c905-4cde-95f5-7dfbea798975,776b673e-4a48-4360-949e-5bbd5643e842,2573cc11-d794-4e9c-97ed-f570513cc175,4,순하고 자극 없이 사용할 수 있어서 좋아요.,2025-12-21T12:16:02.946525+09:00
86f1d1ac-f1b0-4b51-a5b6-8a60ecb2fca0,fe22c7cd-01ae-4ac5-a17d-236745fb65f8,b14b8641-d673-4dc6-9f64-cf945c91c0c2,1,냄새가 이상하고 질감도 안 좋아요.,2026-02-19T19:32:26.323580+09:00
